{
  "ABIRoot": {
    "kind": "Root",
    "name": "PaygilantSDK",
    "printedName": "PaygilantSDK",
    "children": [
      {
        "kind": "Import",
        "name": "Foundation",
        "printedName": "Foundation",
        "declKind": "Import",
        "moduleName": "PaygilantSDK",
        "declAttributes": [
          "RawDocComment"
        ]
      },
      {
        "kind": "Import",
        "name": "Foundation",
        "printedName": "Foundation",
        "declKind": "Import",
        "moduleName": "PaygilantSDK",
        "declAttributes": [
          "RawDocComment"
        ]
      },
      {
        "kind": "Import",
        "name": "Foundation",
        "printedName": "Foundation",
        "declKind": "Import",
        "moduleName": "PaygilantSDK",
        "declAttributes": [
          "RawDocComment"
        ]
      },
      {
        "kind": "Import",
        "name": "Foundation",
        "printedName": "Foundation",
        "declKind": "Import",
        "moduleName": "PaygilantSDK",
        "declAttributes": [
          "RawDocComment"
        ]
      },
      {
        "kind": "Import",
        "name": "UIKit",
        "printedName": "UIKit",
        "declKind": "Import",
        "moduleName": "PaygilantSDK"
      },
      {
        "kind": "Import",
        "name": "Foundation",
        "printedName": "Foundation",
        "declKind": "Import",
        "moduleName": "PaygilantSDK",
        "declAttributes": [
          "RawDocComment"
        ]
      },
      {
        "kind": "Import",
        "name": "SystemConfiguration",
        "printedName": "SystemConfiguration",
        "declKind": "Import",
        "moduleName": "PaygilantSDK"
      },
      {
        "kind": "Import",
        "name": "Foundation",
        "printedName": "Foundation",
        "declKind": "Import",
        "moduleName": "PaygilantSDK",
        "declAttributes": [
          "RawDocComment"
        ]
      },
      {
        "kind": "Import",
        "name": "Contacts",
        "printedName": "Contacts",
        "declKind": "Import",
        "moduleName": "PaygilantSDK",
        "declAttributes": [
          "RawDocComment"
        ]
      },
      {
        "kind": "Import",
        "name": "EventKitUI",
        "printedName": "EventKitUI",
        "declKind": "Import",
        "moduleName": "PaygilantSDK"
      },
      {
        "kind": "Import",
        "name": "StoreKit",
        "printedName": "StoreKit",
        "declKind": "Import",
        "moduleName": "PaygilantSDK"
      },
      {
        "kind": "Import",
        "name": "EventKitUI",
        "printedName": "EventKitUI",
        "declKind": "Import",
        "moduleName": "PaygilantSDK"
      },
      {
        "kind": "Import",
        "name": "Photos",
        "printedName": "Photos",
        "declKind": "Import",
        "moduleName": "PaygilantSDK"
      },
      {
        "kind": "Import",
        "name": "AppTrackingTransparency",
        "printedName": "AppTrackingTransparency",
        "declKind": "Import",
        "moduleName": "PaygilantSDK"
      },
      {
        "kind": "Import",
        "name": "AdSupport",
        "printedName": "AdSupport",
        "declKind": "Import",
        "moduleName": "PaygilantSDK"
      },
      {
        "kind": "TypeDecl",
        "name": "PaygilantError",
        "printedName": "PaygilantError",
        "children": [
          {
            "kind": "Var",
            "name": "MESSAGE_SERVER_URL",
            "printedName": "MESSAGE_SERVER_URL",
            "children": [
              {
                "kind": "TypeFunc",
                "name": "Function",
                "printedName": "(PaygilantSDK.PaygilantError.Type) -> PaygilantSDK.PaygilantError",
                "children": [
                  {
                    "kind": "TypeNominal",
                    "name": "PaygilantError",
                    "printedName": "PaygilantSDK.PaygilantError",
                    "usr": "c:@M@PaygilantSDK@E@PaygilantError"
                  },
                  {
                    "kind": "TypeNominal",
                    "name": "Metatype",
                    "printedName": "PaygilantSDK.PaygilantError.Type",
                    "children": [
                      {
                        "kind": "TypeNominal",
                        "name": "PaygilantError",
                        "printedName": "PaygilantSDK.PaygilantError",
                        "usr": "c:@M@PaygilantSDK@E@PaygilantError"
                      }
                    ]
                  }
                ]
              }
            ],
            "declKind": "EnumElement",
            "usr": "c:@M@PaygilantSDK@E@PaygilantError@PaygilantErrorMESSAGE_SERVER_URL",
            "mangledName": "$s12PaygilantSDK0A5ErrorO18MESSAGE_SERVER_URLyA2CmF",
            "moduleName": "PaygilantSDK",
            "declAttributes": [
              "ObjC"
            ],
            "fixedbinaryorder": 0
          },
          {
            "kind": "Var",
            "name": "SET_APPROVE_POLICY_TO_TRUE",
            "printedName": "SET_APPROVE_POLICY_TO_TRUE",
            "children": [
              {
                "kind": "TypeFunc",
                "name": "Function",
                "printedName": "(PaygilantSDK.PaygilantError.Type) -> PaygilantSDK.PaygilantError",
                "children": [
                  {
                    "kind": "TypeNominal",
                    "name": "PaygilantError",
                    "printedName": "PaygilantSDK.PaygilantError",
                    "usr": "c:@M@PaygilantSDK@E@PaygilantError"
                  },
                  {
                    "kind": "TypeNominal",
                    "name": "Metatype",
                    "printedName": "PaygilantSDK.PaygilantError.Type",
                    "children": [
                      {
                        "kind": "TypeNominal",
                        "name": "PaygilantError",
                        "printedName": "PaygilantSDK.PaygilantError",
                        "usr": "c:@M@PaygilantSDK@E@PaygilantError"
                      }
                    ]
                  }
                ]
              }
            ],
            "declKind": "EnumElement",
            "usr": "c:@M@PaygilantSDK@E@PaygilantError@PaygilantErrorSET_APPROVE_POLICY_TO_TRUE",
            "mangledName": "$s12PaygilantSDK0A5ErrorO26SET_APPROVE_POLICY_TO_TRUEyA2CmF",
            "moduleName": "PaygilantSDK",
            "declAttributes": [
              "ObjC"
            ],
            "fixedbinaryorder": 1
          },
          {
            "kind": "Var",
            "name": "ERROR_CONNECTION",
            "printedName": "ERROR_CONNECTION",
            "children": [
              {
                "kind": "TypeFunc",
                "name": "Function",
                "printedName": "(PaygilantSDK.PaygilantError.Type) -> PaygilantSDK.PaygilantError",
                "children": [
                  {
                    "kind": "TypeNominal",
                    "name": "PaygilantError",
                    "printedName": "PaygilantSDK.PaygilantError",
                    "usr": "c:@M@PaygilantSDK@E@PaygilantError"
                  },
                  {
                    "kind": "TypeNominal",
                    "name": "Metatype",
                    "printedName": "PaygilantSDK.PaygilantError.Type",
                    "children": [
                      {
                        "kind": "TypeNominal",
                        "name": "PaygilantError",
                        "printedName": "PaygilantSDK.PaygilantError",
                        "usr": "c:@M@PaygilantSDK@E@PaygilantError"
                      }
                    ]
                  }
                ]
              }
            ],
            "declKind": "EnumElement",
            "usr": "c:@M@PaygilantSDK@E@PaygilantError@PaygilantErrorERROR_CONNECTION",
            "mangledName": "$s12PaygilantSDK0A5ErrorO16ERROR_CONNECTIONyA2CmF",
            "moduleName": "PaygilantSDK",
            "declAttributes": [
              "ObjC"
            ],
            "fixedbinaryorder": 2
          },
          {
            "kind": "Var",
            "name": "description",
            "printedName": "description",
            "children": [
              {
                "kind": "TypeNominal",
                "name": "String",
                "printedName": "Swift.String",
                "usr": "s:SS"
              }
            ],
            "declKind": "Var",
            "usr": "s:12PaygilantSDK0A5ErrorO11descriptionSSvp",
            "mangledName": "$s12PaygilantSDK0A5ErrorO11descriptionSSvp",
            "moduleName": "PaygilantSDK",
            "declAttributes": [
              "AccessControl",
              "RawDocComment"
            ],
            "accessors": [
              {
                "kind": "Accessor",
                "name": "Get",
                "printedName": "Get()",
                "children": [
                  {
                    "kind": "TypeNominal",
                    "name": "String",
                    "printedName": "Swift.String",
                    "usr": "s:SS"
                  }
                ],
                "declKind": "Accessor",
                "usr": "s:12PaygilantSDK0A5ErrorO11descriptionSSvg",
                "mangledName": "$s12PaygilantSDK0A5ErrorO11descriptionSSvg",
                "moduleName": "PaygilantSDK",
                "accessorKind": "get"
              }
            ]
          },
          {
            "kind": "Constructor",
            "name": "init",
            "printedName": "init(rawValue:)",
            "children": [
              {
                "kind": "TypeNominal",
                "name": "Optional",
                "printedName": "PaygilantSDK.PaygilantError?",
                "children": [
                  {
                    "kind": "TypeNominal",
                    "name": "PaygilantError",
                    "printedName": "PaygilantSDK.PaygilantError",
                    "usr": "c:@M@PaygilantSDK@E@PaygilantError"
                  }
                ],
                "usr": "s:Sq"
              },
              {
                "kind": "TypeNominal",
                "name": "Int",
                "printedName": "Swift.Int",
                "usr": "s:Si"
              }
            ],
            "declKind": "Constructor",
            "usr": "s:12PaygilantSDK0A5ErrorO8rawValueACSgSi_tcfc",
            "mangledName": "$s12PaygilantSDK0A5ErrorO8rawValueACSgSi_tcfc",
            "moduleName": "PaygilantSDK",
            "implicit": true,
            "init_kind": "Designated"
          },
          {
            "kind": "Var",
            "name": "rawValue",
            "printedName": "rawValue",
            "children": [
              {
                "kind": "TypeNominal",
                "name": "Int",
                "printedName": "Swift.Int",
                "usr": "s:Si"
              }
            ],
            "declKind": "Var",
            "usr": "s:12PaygilantSDK0A5ErrorO8rawValueSivp",
            "mangledName": "$s12PaygilantSDK0A5ErrorO8rawValueSivp",
            "moduleName": "PaygilantSDK",
            "implicit": true,
            "accessors": [
              {
                "kind": "Accessor",
                "name": "Get",
                "printedName": "Get()",
                "children": [
                  {
                    "kind": "TypeNominal",
                    "name": "Int",
                    "printedName": "Swift.Int",
                    "usr": "s:Si"
                  }
                ],
                "declKind": "Accessor",
                "usr": "s:12PaygilantSDK0A5ErrorO8rawValueSivg",
                "mangledName": "$s12PaygilantSDK0A5ErrorO8rawValueSivg",
                "moduleName": "PaygilantSDK",
                "implicit": true,
                "accessorKind": "get"
              }
            ]
          },
          {
            "kind": "Var",
            "name": "_nsErrorDomain",
            "printedName": "_nsErrorDomain",
            "children": [
              {
                "kind": "TypeNominal",
                "name": "String",
                "printedName": "Swift.String",
                "usr": "s:SS"
              }
            ],
            "declKind": "Var",
            "usr": "s:12PaygilantSDK0A5ErrorO03_nsC6DomainSSvpZ",
            "mangledName": "$s12PaygilantSDK0A5ErrorO03_nsC6DomainSSvpZ",
            "moduleName": "PaygilantSDK",
            "static": true,
            "implicit": true,
            "accessors": [
              {
                "kind": "Accessor",
                "name": "Get",
                "printedName": "Get()",
                "children": [
                  {
                    "kind": "TypeNominal",
                    "name": "String",
                    "printedName": "Swift.String",
                    "usr": "s:SS"
                  }
                ],
                "declKind": "Accessor",
                "usr": "s:12PaygilantSDK0A5ErrorO03_nsC6DomainSSvgZ",
                "mangledName": "$s12PaygilantSDK0A5ErrorO03_nsC6DomainSSvgZ",
                "moduleName": "PaygilantSDK",
                "static": true,
                "implicit": true,
                "accessorKind": "get"
              }
            ]
          }
        ],
        "declKind": "Enum",
        "usr": "c:@M@PaygilantSDK@E@PaygilantError",
        "mangledName": "$s12PaygilantSDK0A5ErrorO",
        "moduleName": "PaygilantSDK",
        "declAttributes": [
          "AccessControl",
          "ObjC",
          "RawDocComment"
        ],
        "enumRawTypeName": "Int",
        "conformances": [
          {
            "kind": "Conformance",
            "name": "Copyable",
            "printedName": "Copyable",
            "usr": "s:s8CopyableP",
            "mangledName": "$ss8CopyableP"
          },
          {
            "kind": "Conformance",
            "name": "Escapable",
            "printedName": "Escapable",
            "usr": "s:s9EscapableP",
            "mangledName": "$ss9EscapableP"
          },
          {
            "kind": "Conformance",
            "name": "Equatable",
            "printedName": "Equatable",
            "usr": "s:SQ",
            "mangledName": "$sSQ"
          },
          {
            "kind": "Conformance",
            "name": "Hashable",
            "printedName": "Hashable",
            "usr": "s:SH",
            "mangledName": "$sSH"
          },
          {
            "kind": "Conformance",
            "name": "RawRepresentable",
            "printedName": "RawRepresentable",
            "children": [
              {
                "kind": "TypeWitness",
                "name": "RawValue",
                "printedName": "RawValue",
                "children": [
                  {
                    "kind": "TypeNominal",
                    "name": "Int",
                    "printedName": "Swift.Int",
                    "usr": "s:Si"
                  }
                ]
              }
            ],
            "usr": "s:SY",
            "mangledName": "$sSY"
          },
          {
            "kind": "Conformance",
            "name": "Error",
            "printedName": "Error",
            "usr": "s:s5ErrorP",
            "mangledName": "$ss5ErrorP"
          },
          {
            "kind": "Conformance",
            "name": "_BridgedNSError",
            "printedName": "_BridgedNSError",
            "usr": "s:10Foundation15_BridgedNSErrorP",
            "mangledName": "$s10Foundation15_BridgedNSErrorP"
          },
          {
            "kind": "Conformance",
            "name": "Sendable",
            "printedName": "Sendable",
            "usr": "s:s8SendableP",
            "mangledName": "$ss8SendableP"
          },
          {
            "kind": "Conformance",
            "name": "_ObjectiveCBridgeableError",
            "printedName": "_ObjectiveCBridgeableError",
            "usr": "s:10Foundation26_ObjectiveCBridgeableErrorP",
            "mangledName": "$s10Foundation26_ObjectiveCBridgeableErrorP"
          }
        ]
      },
      {
        "kind": "TypeDecl",
        "name": "PaygilantManager",
        "printedName": "PaygilantManager",
        "children": [
          {
            "kind": "Var",
            "name": "shared",
            "printedName": "shared",
            "children": [
              {
                "kind": "TypeNominal",
                "name": "PaygilantManager",
                "printedName": "PaygilantSDK.PaygilantManager",
                "usr": "c:@M@PaygilantSDK@objc(cs)PaygilantManager"
              }
            ],
            "declKind": "Var",
            "usr": "c:@M@PaygilantSDK@objc(cs)PaygilantManager(cpy)shared",
            "mangledName": "$s12PaygilantSDK0A7ManagerC6sharedACvpZ",
            "moduleName": "PaygilantSDK",
            "static": true,
            "declAttributes": [
              "HasInitialValue",
              "Final",
              "HasStorage",
              "AccessControl",
              "RawDocComment",
              "ObjC"
            ],
            "hasStorage": true,
            "accessors": [
              {
                "kind": "Accessor",
                "name": "Get",
                "printedName": "Get()",
                "children": [
                  {
                    "kind": "TypeNominal",
                    "name": "PaygilantManager",
                    "printedName": "PaygilantSDK.PaygilantManager",
                    "usr": "c:@M@PaygilantSDK@objc(cs)PaygilantManager"
                  }
                ],
                "declKind": "Accessor",
                "usr": "c:@M@PaygilantSDK@objc(cs)PaygilantManager(cm)shared",
                "mangledName": "$s12PaygilantSDK0A7ManagerC6sharedACvgZ",
                "moduleName": "PaygilantSDK",
                "static": true,
                "implicit": true,
                "declAttributes": [
                  "Final",
                  "ObjC"
                ],
                "accessorKind": "get"
              },
              {
                "kind": "Accessor",
                "name": "Set",
                "printedName": "Set()",
                "children": [
                  {
                    "kind": "TypeNominal",
                    "name": "Void",
                    "printedName": "()"
                  },
                  {
                    "kind": "TypeNominal",
                    "name": "PaygilantManager",
                    "printedName": "PaygilantSDK.PaygilantManager",
                    "usr": "c:@M@PaygilantSDK@objc(cs)PaygilantManager"
                  }
                ],
                "declKind": "Accessor",
                "usr": "c:@M@PaygilantSDK@objc(cs)PaygilantManager(cm)setShared:",
                "mangledName": "$s12PaygilantSDK0A7ManagerC6sharedACvsZ",
                "moduleName": "PaygilantSDK",
                "static": true,
                "implicit": true,
                "declAttributes": [
                  "Final",
                  "ObjC"
                ],
                "accessorKind": "set"
              },
              {
                "kind": "Accessor",
                "name": "Modify",
                "printedName": "Modify()",
                "children": [
                  {
                    "kind": "TypeNominal",
                    "name": "Void",
                    "printedName": "()"
                  }
                ],
                "declKind": "Accessor",
                "usr": "s:12PaygilantSDK0A7ManagerC6sharedACvMZ",
                "mangledName": "$s12PaygilantSDK0A7ManagerC6sharedACvMZ",
                "moduleName": "PaygilantSDK",
                "static": true,
                "implicit": true,
                "declAttributes": [
                  "Final"
                ],
                "accessorKind": "_modify"
              }
            ]
          },
          {
            "kind": "Function",
            "name": "reset",
            "printedName": "reset()",
            "children": [
              {
                "kind": "TypeNominal",
                "name": "Void",
                "printedName": "()"
              }
            ],
            "declKind": "Func",
            "usr": "c:@M@PaygilantSDK@objc(cs)PaygilantManager(cm)reset",
            "mangledName": "$s12PaygilantSDK0A7ManagerC5resetyyFZ",
            "moduleName": "PaygilantSDK",
            "static": true,
            "declAttributes": [
              "Final",
              "AccessControl",
              "ObjC",
              "RawDocComment"
            ],
            "funcSelfKind": "NonMutating"
          },
          {
            "kind": "Function",
            "name": "setup",
            "printedName": "setup(serverUrl:clientSessionId:completion:)",
            "children": [
              {
                "kind": "TypeNominal",
                "name": "Void",
                "printedName": "()"
              },
              {
                "kind": "TypeNominal",
                "name": "String",
                "printedName": "Swift.String",
                "usr": "s:SS"
              },
              {
                "kind": "TypeNominal",
                "name": "Optional",
                "printedName": "Swift.String?",
                "children": [
                  {
                    "kind": "TypeNominal",
                    "name": "String",
                    "printedName": "Swift.String",
                    "usr": "s:SS"
                  }
                ],
                "hasDefaultArg": true,
                "usr": "s:Sq"
              },
              {
                "kind": "TypeFunc",
                "name": "Function",
                "printedName": "(Swift.Result<(), PaygilantSDK.PaygilantError>) -> ()",
                "children": [
                  {
                    "kind": "TypeNominal",
                    "name": "Void",
                    "printedName": "()"
                  },
                  {
                    "kind": "TypeNominal",
                    "name": "Result",
                    "printedName": "Swift.Result<(), PaygilantSDK.PaygilantError>",
                    "children": [
                      {
                        "kind": "TypeNominal",
                        "name": "Void",
                        "printedName": "()"
                      },
                      {
                        "kind": "TypeNominal",
                        "name": "PaygilantError",
                        "printedName": "PaygilantSDK.PaygilantError",
                        "usr": "c:@M@PaygilantSDK@E@PaygilantError"
                      }
                    ],
                    "usr": "s:s6ResultO"
                  }
                ]
              }
            ],
            "declKind": "Func",
            "usr": "s:12PaygilantSDK0A7ManagerC5setup9serverUrl15clientSessionId10completionySS_SSSgys6ResultOyytAA0A5ErrorOGctKF",
            "mangledName": "$s12PaygilantSDK0A7ManagerC5setup9serverUrl15clientSessionId10completionySS_SSSgys6ResultOyytAA0A5ErrorOGctKF",
            "moduleName": "PaygilantSDK",
            "declAttributes": [
              "AccessControl",
              "RawDocComment"
            ],
            "throwing": true,
            "funcSelfKind": "NonMutating"
          },
          {
            "kind": "Function",
            "name": "setup",
            "printedName": "setup(serverUrl:clientSessionId:success:failure:)",
            "children": [
              {
                "kind": "TypeNominal",
                "name": "Void",
                "printedName": "()"
              },
              {
                "kind": "TypeNominal",
                "name": "String",
                "printedName": "Swift.String",
                "usr": "s:SS"
              },
              {
                "kind": "TypeNominal",
                "name": "Optional",
                "printedName": "Swift.String?",
                "children": [
                  {
                    "kind": "TypeNominal",
                    "name": "String",
                    "printedName": "Swift.String",
                    "usr": "s:SS"
                  }
                ],
                "hasDefaultArg": true,
                "usr": "s:Sq"
              },
              {
                "kind": "TypeFunc",
                "name": "Function",
                "printedName": "() -> ()",
                "children": [
                  {
                    "kind": "TypeNominal",
                    "name": "Void",
                    "printedName": "()"
                  },
                  {
                    "kind": "TypeNominal",
                    "name": "Void",
                    "printedName": "()"
                  }
                ]
              },
              {
                "kind": "TypeFunc",
                "name": "Function",
                "printedName": "(Swift.String) -> ()",
                "children": [
                  {
                    "kind": "TypeNominal",
                    "name": "Void",
                    "printedName": "()"
                  },
                  {
                    "kind": "TypeNominal",
                    "name": "String",
                    "printedName": "Swift.String",
                    "usr": "s:SS"
                  }
                ]
              }
            ],
            "declKind": "Func",
            "usr": "c:@M@PaygilantSDK@objc(cs)PaygilantManager(im)setupWithServerUrl:clientSessionId:success:failure:",
            "mangledName": "$s12PaygilantSDK0A7ManagerC5setup9serverUrl15clientSessionId7success7failureySS_SSSgyycySSctF",
            "moduleName": "PaygilantSDK",
            "objc_name": "setupWithServerUrl:clientSessionId:success:failure:",
            "declAttributes": [
              "AccessControl",
              "ObjC",
              "RawDocComment"
            ],
            "funcSelfKind": "NonMutating"
          },
          {
            "kind": "Function",
            "name": "getSessionId",
            "printedName": "getSessionId(sessionIdCallback:)",
            "children": [
              {
                "kind": "TypeNominal",
                "name": "Void",
                "printedName": "()"
              },
              {
                "kind": "TypeFunc",
                "name": "Function",
                "printedName": "(Swift.String) -> ()",
                "children": [
                  {
                    "kind": "TypeNominal",
                    "name": "Void",
                    "printedName": "()"
                  },
                  {
                    "kind": "TypeNominal",
                    "name": "String",
                    "printedName": "Swift.String",
                    "usr": "s:SS"
                  }
                ]
              }
            ],
            "declKind": "Func",
            "usr": "c:@M@PaygilantSDK@objc(cs)PaygilantManager(im)getSessionIdWithSessionIdCallback:",
            "mangledName": "$s12PaygilantSDK0A7ManagerC12getSessionId07sessionF8CallbackyySSc_tF",
            "moduleName": "PaygilantSDK",
            "declAttributes": [
              "AccessControl",
              "RawDocComment",
              "ObjC"
            ],
            "funcSelfKind": "NonMutating"
          },
          {
            "kind": "Function",
            "name": "setApprovePolicy",
            "printedName": "setApprovePolicy(_:)",
            "children": [
              {
                "kind": "TypeNominal",
                "name": "Void",
                "printedName": "()"
              },
              {
                "kind": "TypeNominal",
                "name": "Bool",
                "printedName": "Swift.Bool",
                "hasDefaultArg": true,
                "usr": "s:Sb"
              }
            ],
            "declKind": "Func",
            "usr": "c:@M@PaygilantSDK@objc(cs)PaygilantManager(im)setApprovePolicy:",
            "mangledName": "$s12PaygilantSDK0A7ManagerC16setApprovePolicyyySbF",
            "moduleName": "PaygilantSDK",
            "declAttributes": [
              "AccessControl",
              "ObjC",
              "RawDocComment"
            ],
            "funcSelfKind": "NonMutating"
          },
          {
            "kind": "Function",
            "name": "isApprovePolicy",
            "printedName": "isApprovePolicy()",
            "children": [
              {
                "kind": "TypeNominal",
                "name": "Bool",
                "printedName": "Swift.Bool",
                "usr": "s:Sb"
              }
            ],
            "declKind": "Func",
            "usr": "c:@M@PaygilantSDK@objc(cs)PaygilantManager(im)isApprovePolicy",
            "mangledName": "$s12PaygilantSDK0A7ManagerC15isApprovePolicySbyF",
            "moduleName": "PaygilantSDK",
            "declAttributes": [
              "AccessControl",
              "ObjC",
              "RawDocComment"
            ],
            "funcSelfKind": "NonMutating"
          }
        ],
        "declKind": "Class",
        "usr": "c:@M@PaygilantSDK@objc(cs)PaygilantManager",
        "mangledName": "$s12PaygilantSDK0A7ManagerC",
        "moduleName": "PaygilantSDK",
        "declAttributes": [
          "AccessControl",
          "ObjCMembers",
          "RawDocComment",
          "ObjC"
        ],
        "superclassUsr": "c:objc(cs)NSObject",
        "hasMissingDesignatedInitializers": true,
        "inheritsConvenienceInitializers": true,
        "superclassNames": [
          "ObjectiveC.NSObject"
        ],
        "conformances": [
          {
            "kind": "Conformance",
            "name": "Copyable",
            "printedName": "Copyable",
            "usr": "s:s8CopyableP",
            "mangledName": "$ss8CopyableP"
          },
          {
            "kind": "Conformance",
            "name": "Escapable",
            "printedName": "Escapable",
            "usr": "s:s9EscapableP",
            "mangledName": "$ss9EscapableP"
          },
          {
            "kind": "Conformance",
            "name": "Equatable",
            "printedName": "Equatable",
            "usr": "s:SQ",
            "mangledName": "$sSQ"
          },
          {
            "kind": "Conformance",
            "name": "Hashable",
            "printedName": "Hashable",
            "usr": "s:SH",
            "mangledName": "$sSH"
          },
          {
            "kind": "Conformance",
            "name": "CVarArg",
            "printedName": "CVarArg",
            "usr": "s:s7CVarArgP",
            "mangledName": "$ss7CVarArgP"
          },
          {
            "kind": "Conformance",
            "name": "_KeyValueCodingAndObservingPublishing",
            "printedName": "_KeyValueCodingAndObservingPublishing",
            "usr": "s:10Foundation37_KeyValueCodingAndObservingPublishingP",
            "mangledName": "$s10Foundation37_KeyValueCodingAndObservingPublishingP"
          },
          {
            "kind": "Conformance",
            "name": "_KeyValueCodingAndObserving",
            "printedName": "_KeyValueCodingAndObserving",
            "usr": "s:10Foundation27_KeyValueCodingAndObservingP",
            "mangledName": "$s10Foundation27_KeyValueCodingAndObservingP"
          },
          {
            "kind": "Conformance",
            "name": "CustomStringConvertible",
            "printedName": "CustomStringConvertible",
            "usr": "s:s23CustomStringConvertibleP",
            "mangledName": "$ss23CustomStringConvertibleP"
          },
          {
            "kind": "Conformance",
            "name": "CustomDebugStringConvertible",
            "printedName": "CustomDebugStringConvertible",
            "usr": "s:s28CustomDebugStringConvertibleP",
            "mangledName": "$ss28CustomDebugStringConvertibleP"
          }
        ]
      },
      {
        "kind": "Import",
        "name": "Foundation",
        "printedName": "Foundation",
        "declKind": "Import",
        "moduleName": "PaygilantSDK",
        "declAttributes": [
          "RawDocComment"
        ]
      },
      {
        "kind": "Import",
        "name": "Foundation",
        "printedName": "Foundation",
        "declKind": "Import",
        "moduleName": "PaygilantSDK",
        "declAttributes": [
          "RawDocComment"
        ]
      },
      {
        "kind": "Import",
        "name": "Foundation",
        "printedName": "Foundation",
        "declKind": "Import",
        "moduleName": "PaygilantSDK",
        "declAttributes": [
          "RawDocComment"
        ]
      },
      {
        "kind": "Import",
        "name": "Foundation",
        "printedName": "Foundation",
        "declKind": "Import",
        "moduleName": "PaygilantSDK",
        "declAttributes": [
          "RawDocComment"
        ]
      },
      {
        "kind": "Import",
        "name": "Foundation",
        "printedName": "Foundation",
        "declKind": "Import",
        "moduleName": "PaygilantSDK",
        "declAttributes": [
          "RawDocComment"
        ]
      },
      {
        "kind": "Import",
        "name": "Foundation",
        "printedName": "Foundation",
        "declKind": "Import",
        "moduleName": "PaygilantSDK"
      },
      {
        "kind": "Import",
        "name": "Compression",
        "printedName": "Compression",
        "declKind": "Import",
        "moduleName": "PaygilantSDK"
      },
      {
        "kind": "Import",
        "name": "Foundation",
        "printedName": "Foundation",
        "declKind": "Import",
        "moduleName": "PaygilantSDK",
        "declAttributes": [
          "RawDocComment"
        ]
      },
      {
        "kind": "Import",
        "name": "SystemConfiguration.CaptiveNetwork",
        "printedName": "SystemConfiguration.CaptiveNetwork",
        "declKind": "Import",
        "moduleName": "PaygilantSDK"
      },
      {
        "kind": "Import",
        "name": "Contacts",
        "printedName": "Contacts",
        "declKind": "Import",
        "moduleName": "PaygilantSDK"
      },
      {
        "kind": "Import",
        "name": "Photos",
        "printedName": "Photos",
        "declKind": "Import",
        "moduleName": "PaygilantSDK"
      },
      {
        "kind": "Import",
        "name": "CoreLocation",
        "printedName": "CoreLocation",
        "declKind": "Import",
        "moduleName": "PaygilantSDK"
      },
      {
        "kind": "Import",
        "name": "CoreTelephony.CTCarrier",
        "printedName": "CoreTelephony.CTCarrier",
        "declKind": "Import",
        "moduleName": "PaygilantSDK"
      },
      {
        "kind": "Import",
        "name": "CommonCrypto",
        "printedName": "CommonCrypto",
        "declKind": "Import",
        "moduleName": "PaygilantSDK"
      },
      {
        "kind": "Import",
        "name": "CommonCrypto",
        "printedName": "CommonCrypto",
        "declKind": "Import",
        "moduleName": "PaygilantSDK"
      },
      {
        "kind": "Import",
        "name": "CommonCrypto",
        "printedName": "CommonCrypto",
        "declKind": "Import",
        "moduleName": "PaygilantSDK"
      },
      {
        "kind": "Import",
        "name": "AdSupport",
        "printedName": "AdSupport",
        "declKind": "Import",
        "moduleName": "PaygilantSDK"
      },
      {
        "kind": "Import",
        "name": "StoreKit",
        "printedName": "StoreKit",
        "declKind": "Import",
        "moduleName": "PaygilantSDK"
      },
      {
        "kind": "Import",
        "name": "EventKitUI",
        "printedName": "EventKitUI",
        "declKind": "Import",
        "moduleName": "PaygilantSDK"
      },
      {
        "kind": "Import",
        "name": "AppTrackingTransparency",
        "printedName": "AppTrackingTransparency",
        "declKind": "Import",
        "moduleName": "PaygilantSDK"
      },
      {
        "kind": "Import",
        "name": "AdSupport",
        "printedName": "AdSupport",
        "declKind": "Import",
        "moduleName": "PaygilantSDK"
      },
      {
        "kind": "Import",
        "name": "Foundation",
        "printedName": "Foundation",
        "declKind": "Import",
        "moduleName": "PaygilantSDK",
        "declAttributes": [
          "RawDocComment"
        ]
      },
      {
        "kind": "Import",
        "name": "UIKit",
        "printedName": "UIKit",
        "declKind": "Import",
        "moduleName": "PaygilantSDK"
      },
      {
        "kind": "Import",
        "name": "Security",
        "printedName": "Security",
        "declKind": "Import",
        "moduleName": "PaygilantSDK"
      },
      {
        "kind": "Import",
        "name": "Foundation",
        "printedName": "Foundation",
        "declKind": "Import",
        "moduleName": "PaygilantSDK",
        "declAttributes": [
          "RawDocComment"
        ]
      },
      {
        "kind": "Import",
        "name": "Foundation",
        "printedName": "Foundation",
        "declKind": "Import",
        "moduleName": "PaygilantSDK",
        "declAttributes": [
          "RawDocComment"
        ]
      },
      {
        "kind": "Import",
        "name": "Foundation",
        "printedName": "Foundation",
        "declKind": "Import",
        "moduleName": "PaygilantSDK",
        "declAttributes": [
          "RawDocComment"
        ]
      },
      {
        "kind": "Import",
        "name": "AVFoundation",
        "printedName": "AVFoundation",
        "declKind": "Import",
        "moduleName": "PaygilantSDK"
      },
      {
        "kind": "Import",
        "name": "Foundation",
        "printedName": "Foundation",
        "declKind": "Import",
        "moduleName": "PaygilantSDK",
        "declAttributes": [
          "RawDocComment"
        ]
      },
      {
        "kind": "Import",
        "name": "Contacts",
        "printedName": "Contacts",
        "declKind": "Import",
        "moduleName": "PaygilantSDK",
        "declAttributes": [
          "RawDocComment"
        ]
      },
      {
        "kind": "Import",
        "name": "Foundation",
        "printedName": "Foundation",
        "declKind": "Import",
        "moduleName": "PaygilantSDK"
      },
      {
        "kind": "Import",
        "name": "AppTrackingTransparency",
        "printedName": "AppTrackingTransparency",
        "declKind": "Import",
        "moduleName": "PaygilantSDK"
      },
      {
        "kind": "Import",
        "name": "AdSupport",
        "printedName": "AdSupport",
        "declKind": "Import",
        "moduleName": "PaygilantSDK"
      },
      {
        "kind": "Import",
        "name": "Foundation",
        "printedName": "Foundation",
        "declKind": "Import",
        "moduleName": "PaygilantSDK",
        "declAttributes": [
          "RawDocComment"
        ]
      },
      {
        "kind": "Import",
        "name": "Foundation",
        "printedName": "Foundation",
        "declKind": "Import",
        "moduleName": "PaygilantSDK",
        "declAttributes": [
          "RawDocComment"
        ]
      },
      {
        "kind": "Import",
        "name": "Foundation",
        "printedName": "Foundation",
        "declKind": "Import",
        "moduleName": "PaygilantSDK",
        "declAttributes": [
          "RawDocComment"
        ]
      },
      {
        "kind": "Import",
        "name": "Foundation",
        "printedName": "Foundation",
        "declKind": "Import",
        "moduleName": "PaygilantSDK",
        "declAttributes": [
          "RawDocComment"
        ]
      },
      {
        "kind": "Import",
        "name": "Foundation",
        "printedName": "Foundation",
        "declKind": "Import",
        "moduleName": "PaygilantSDK",
        "declAttributes": [
          "RawDocComment"
        ]
      },
      {
        "kind": "Import",
        "name": "Foundation",
        "printedName": "Foundation",
        "declKind": "Import",
        "moduleName": "PaygilantSDK",
        "declAttributes": [
          "RawDocComment"
        ]
      }
    ],
    "json_format_version": 8
  },
  "ConstValues": [
    {
      "filePath": "\/Users\/np\/Documents\/GitHub\/PaygilantIOS\/PaygilantSDK\/PGData\/ScreenListenerType.swift",
      "kind": "IntegerLiteral",
      "offset": 284,
      "length": 10,
      "value": "1"
    },
    {
      "filePath": "\/Users\/np\/Documents\/GitHub\/PaygilantIOS\/PaygilantSDK\/PGData\/ScreenListenerType.swift",
      "kind": "IntegerLiteral",
      "offset": 304,
      "length": 11,
      "value": "2"
    },
    {
      "filePath": "\/Users\/np\/Documents\/GitHub\/PaygilantIOS\/PaygilantSDK\/PGData\/ScreenListenerType.swift",
      "kind": "IntegerLiteral",
      "offset": 325,
      "length": 14,
      "value": "3"
    },
    {
      "filePath": "\/Users\/np\/Documents\/GitHub\/PaygilantIOS\/PaygilantSDK\/PGData\/ScreenListenerType.swift",
      "kind": "IntegerLiteral",
      "offset": 349,
      "length": 13,
      "value": "4"
    },
    {
      "filePath": "\/Users\/np\/Documents\/GitHub\/PaygilantIOS\/PaygilantSDK\/PGData\/ScreenListenerType.swift",
      "kind": "IntegerLiteral",
      "offset": 372,
      "length": 14,
      "value": "5"
    },
    {
      "filePath": "\/Users\/np\/Documents\/GitHub\/PaygilantIOS\/PaygilantSDK\/PGData\/ScreenListenerType.swift",
      "kind": "IntegerLiteral",
      "offset": 396,
      "length": 12,
      "value": "6"
    },
    {
      "filePath": "\/Users\/np\/Documents\/GitHub\/PaygilantIOS\/PaygilantSDK\/PGData\/ScreenListenerType.swift",
      "kind": "IntegerLiteral",
      "offset": 418,
      "length": 7,
      "value": "7"
    },
    {
      "filePath": "\/Users\/np\/Documents\/GitHub\/PaygilantIOS\/PaygilantSDK\/PGData\/ScreenListenerType.swift",
      "kind": "IntegerLiteral",
      "offset": 435,
      "length": 19,
      "value": "8"
    },
    {
      "filePath": "\/Users\/np\/Documents\/GitHub\/PaygilantIOS\/PaygilantSDK\/PGData\/ScreenListenerType.swift",
      "kind": "IntegerLiteral",
      "offset": 464,
      "length": 8,
      "value": "9"
    },
    {
      "filePath": "\/Users\/np\/Documents\/GitHub\/PaygilantIOS\/PaygilantSDK\/PGData\/ScreenListenerType.swift",
      "kind": "IntegerLiteral",
      "offset": 482,
      "length": 14,
      "value": "10"
    },
    {
      "filePath": "\/Users\/np\/Documents\/GitHub\/PaygilantIOS\/PaygilantSDK\/PGData\/ScreenListenerType.swift",
      "kind": "IntegerLiteral",
      "offset": 506,
      "length": 14,
      "value": "11"
    },
    {
      "filePath": "\/Users\/np\/Documents\/GitHub\/PaygilantIOS\/PaygilantSDK\/PGData\/ScreenListenerType.swift",
      "kind": "IntegerLiteral",
      "offset": 530,
      "length": 7,
      "value": "12"
    },
    {
      "filePath": "\/Users\/np\/Documents\/GitHub\/PaygilantIOS\/PaygilantSDK\/PGData\/ScreenListenerType.swift",
      "kind": "IntegerLiteral",
      "offset": 547,
      "length": 18,
      "value": "13"
    },
    {
      "filePath": "\/Users\/np\/Documents\/GitHub\/PaygilantIOS\/PaygilantSDK\/PGData\/ScreenListenerType.swift",
      "kind": "IntegerLiteral",
      "offset": 575,
      "length": 15,
      "value": "14"
    },
    {
      "filePath": "\/Users\/np\/Documents\/GitHub\/PaygilantIOS\/PaygilantSDK\/PGData\/ScreenListenerType.swift",
      "kind": "IntegerLiteral",
      "offset": 600,
      "length": 14,
      "value": "15"
    },
    {
      "filePath": "\/Users\/np\/Documents\/GitHub\/PaygilantIOS\/PaygilantSDK\/PGData\/ScreenListenerType.swift",
      "kind": "IntegerLiteral",
      "offset": 624,
      "length": 12,
      "value": "16"
    },
    {
      "filePath": "\/Users\/np\/Documents\/GitHub\/PaygilantIOS\/PaygilantSDK\/PGData\/ScreenListenerType.swift",
      "kind": "IntegerLiteral",
      "offset": 646,
      "length": 11,
      "value": "17"
    },
    {
      "filePath": "\/Users\/np\/Documents\/GitHub\/PaygilantIOS\/PaygilantSDK\/PGData\/ScreenListenerType.swift",
      "kind": "IntegerLiteral",
      "offset": 667,
      "length": 5,
      "value": "18"
    },
    {
      "filePath": "\/Users\/np\/Documents\/GitHub\/PaygilantIOS\/PaygilantSDK\/PGData\/AppRunMode.swift",
      "kind": "IntegerLiteral",
      "offset": 228,
      "length": 11,
      "value": "1"
    },
    {
      "filePath": "\/Users\/np\/Documents\/GitHub\/PaygilantIOS\/PaygilantSDK\/PGData\/AppRunMode.swift",
      "kind": "IntegerLiteral",
      "offset": 249,
      "length": 4,
      "value": "2"
    },
    {
      "filePath": "\/Users\/np\/Documents\/GitHub\/PaygilantIOS\/PaygilantSDK\/ToastMessage.swift",
      "kind": "FloatLiteral",
      "offset": 424,
      "length": 3,
      "value": "0.5"
    },
    {
      "filePath": "\/Users\/np\/Documents\/GitHub\/PaygilantIOS\/PaygilantSDK\/ToastMessage.swift",
      "kind": "FloatLiteral",
      "offset": 445,
      "length": 3,
      "value": "0.0"
    },
    {
      "filePath": "\/Users\/np\/Documents\/GitHub\/PaygilantIOS\/PaygilantSDK\/ToastMessage.swift",
      "kind": "FloatLiteral",
      "offset": 608,
      "length": 3,
      "value": "0.8"
    },
    {
      "filePath": "\/Users\/np\/Documents\/GitHub\/PaygilantIOS\/PaygilantSDK\/ToastMessage.swift",
      "kind": "IntegerLiteral",
      "offset": 750,
      "length": 2,
      "value": "10"
    },
    {
      "filePath": "\/Users\/np\/Documents\/GitHub\/PaygilantIOS\/PaygilantSDK\/ToastMessage.swift",
      "kind": "BooleanLiteral",
      "offset": 872,
      "length": 4,
      "value": "true"
    },
    {
      "filePath": "\/Users\/np\/Documents\/GitHub\/PaygilantIOS\/PaygilantSDK\/ToastMessage.swift",
      "kind": "IntegerLiteral",
      "offset": 965,
      "length": 1,
      "value": "0"
    },
    {
      "filePath": "\/Users\/np\/Documents\/GitHub\/PaygilantIOS\/PaygilantSDK\/ToastMessage.swift",
      "kind": "IntegerLiteral",
      "offset": 997,
      "length": 1,
      "value": "0"
    },
    {
      "filePath": "\/Users\/np\/Documents\/GitHub\/PaygilantIOS\/PaygilantSDK\/ToastMessage.swift",
      "kind": "BooleanLiteral",
      "offset": 1065,
      "length": 5,
      "value": "false"
    },
    {
      "filePath": "\/Users\/np\/Documents\/GitHub\/PaygilantIOS\/PaygilantSDK\/ToastMessage.swift",
      "kind": "IntegerLiteral",
      "offset": 1411,
      "length": 1,
      "value": "1"
    },
    {
      "filePath": "\/Users\/np\/Documents\/GitHub\/PaygilantIOS\/PaygilantSDK\/ToastMessage.swift",
      "kind": "IntegerLiteral",
      "offset": 1424,
      "length": 1,
      "value": "0"
    },
    {
      "filePath": "\/Users\/np\/Documents\/GitHub\/PaygilantIOS\/PaygilantSDK\/ToastMessage.swift",
      "kind": "IntegerLiteral",
      "offset": 1611,
      "length": 1,
      "value": "1"
    },
    {
      "filePath": "\/Users\/np\/Documents\/GitHub\/PaygilantIOS\/PaygilantSDK\/ToastMessage.swift",
      "kind": "IntegerLiteral",
      "offset": 1624,
      "length": 3,
      "value": "275"
    },
    {
      "filePath": "\/Users\/np\/Documents\/GitHub\/PaygilantIOS\/PaygilantSDK\/ToastMessage.swift",
      "kind": "StringLiteral",
      "offset": 1749,
      "length": 36,
      "value": "\"V:|-(>=200)-[loginView(==50)]-68-|\""
    },
    {
      "filePath": "\/Users\/np\/Documents\/GitHub\/PaygilantIOS\/PaygilantSDK\/ToastMessage.swift",
      "kind": "StringLiteral",
      "offset": 1856,
      "length": 11,
      "value": "\"loginView\""
    },
    {
      "filePath": "\/Users\/np\/Documents\/GitHub\/PaygilantIOS\/PaygilantSDK\/ToastMessage.swift",
      "kind": "IntegerLiteral",
      "offset": 2189,
      "length": 1,
      "value": "1"
    },
    {
      "filePath": "\/Users\/np\/Documents\/GitHub\/PaygilantIOS\/PaygilantSDK\/ToastMessage.swift",
      "kind": "IntegerLiteral",
      "offset": 2324,
      "length": 1,
      "value": "2"
    },
    {
      "filePath": "\/Users\/np\/Documents\/GitHub\/PaygilantIOS\/PaygilantSDK\/ToastMessage.swift",
      "kind": "IntegerLiteral",
      "offset": 2524,
      "length": 1,
      "value": "0"
    },
    {
      "filePath": "\/Users\/np\/Documents\/GitHub\/PaygilantIOS\/PaygilantSDK\/DeviceData\/Reachability.swift",
      "kind": "BooleanLiteral",
      "offset": 253,
      "length": 5,
      "value": "false"
    },
    {
      "filePath": "\/Users\/np\/Documents\/GitHub\/PaygilantIOS\/PaygilantSDK\/DeviceData\/Reachability.swift",
      "kind": "StringLiteral",
      "offset": 448,
      "length": 19,
      "value": "\"ReachabilityQueue\""
    },
    {
      "filePath": "\/Users\/np\/Documents\/GitHub\/PaygilantIOS\/PaygilantSDK\/DeviceData\/Reachability.swift",
      "kind": "BooleanLiteral",
      "offset": 1710,
      "length": 5,
      "value": "false"
    },
    {
      "filePath": "\/Users\/np\/Documents\/GitHub\/PaygilantIOS\/PaygilantSDK\/DeviceData\/Reachability.swift",
      "kind": "StringLiteral",
      "offset": 7501,
      "length": 14,
      "value": "\"FlagsChanged\""
    },
    {
      "filePath": "\/Users\/np\/Documents\/GitHub\/PaygilantIOS\/PaygilantSDK\/Utils\/AppSettings.swift",
      "kind": "StringLiteral",
      "offset": 201,
      "length": 16,
      "value": "\"permissionList\""
    },
    {
      "filePath": "\/Users\/np\/Documents\/GitHub\/PaygilantIOS\/PaygilantSDK\/Utils\/AppSettings.swift",
      "kind": "StringLiteral",
      "offset": 243,
      "length": 15,
      "value": "\"approvePolicy\""
    },
    {
      "filePath": "\/Users\/np\/Documents\/GitHub\/PaygilantIOS\/PaygilantSDK\/Utils\/AppSettings.swift",
      "kind": "StringLiteral",
      "offset": 284,
      "length": 17,
      "value": "\"PG_SESSION_TIME\""
    },
    {
      "filePath": "\/Users\/np\/Documents\/GitHub\/PaygilantIOS\/PaygilantSDK\/Utils\/AppSettings.swift",
      "kind": "StringLiteral",
      "offset": 325,
      "length": 15,
      "value": "\"PG_SESSION_ID\""
    },
    {
      "filePath": "\/Users\/np\/Documents\/GitHub\/PaygilantIOS\/PaygilantSDK\/Utils\/AppSettings.swift",
      "kind": "StringLiteral",
      "offset": 362,
      "length": 11,
      "value": "\"serverUrl\""
    },
    {
      "filePath": "\/Users\/np\/Documents\/GitHub\/PaygilantIOS\/PaygilantSDK\/Utils\/AppSettings.swift",
      "kind": "BooleanLiteral",
      "offset": 3891,
      "length": 5,
      "value": "false"
    },
    {
      "filePath": "\/Users\/np\/Documents\/GitHub\/PaygilantIOS\/PaygilantSDK\/Utils\/AppSettings.swift",
      "kind": "StringLiteral",
      "offset": 3974,
      "length": 11,
      "value": "\"shareData\""
    },
    {
      "filePath": "\/Users\/np\/Documents\/GitHub\/PaygilantIOS\/PaygilantSDK\/PaygilantManager.swift",
      "kind": "IntegerLiteral",
      "offset": 748,
      "length": 26,
      "value": "1"
    },
    {
      "filePath": "\/Users\/np\/Documents\/GitHub\/PaygilantIOS\/PaygilantSDK\/PaygilantManager.swift",
      "kind": "IntegerLiteral",
      "offset": 784,
      "length": 16,
      "value": "2"
    },
    {
      "filePath": "\/Users\/np\/Documents\/GitHub\/PaygilantIOS\/PaygilantSDK\/PaygilantManager.swift",
      "kind": "IntegerLiteral",
      "offset": 1624,
      "length": 5,
      "value": "60000"
    },
    {
      "filePath": "\/Users\/np\/Documents\/GitHub\/PaygilantIOS\/PaygilantSDK\/PaygilantManager.swift",
      "kind": "FloatLiteral",
      "offset": 1684,
      "length": 4,
      "value": "30.0"
    },
    {
      "filePath": "\/Users\/np\/Documents\/GitHub\/PaygilantIOS\/PaygilantSDK\/PaygilantManager.swift",
      "kind": "FloatLiteral",
      "offset": 1729,
      "length": 4,
      "value": "10.0"
    },
    {
      "filePath": "\/Users\/np\/Documents\/GitHub\/PaygilantIOS\/PaygilantSDK\/PaygilantManager.swift",
      "kind": "StringLiteral",
      "offset": 1768,
      "length": 13,
      "value": "\"sendTracing\""
    },
    {
      "filePath": "\/Users\/np\/Documents\/GitHub\/PaygilantIOS\/PaygilantSDK\/PaygilantManager.swift",
      "kind": "StringLiteral",
      "offset": 1821,
      "length": 21,
      "value": "\"getSdkConfiguration\""
    },
    {
      "filePath": "\/Users\/np\/Documents\/GitHub\/PaygilantIOS\/PaygilantSDK\/PaygilantManager.swift",
      "kind": "StringLiteral",
      "offset": 1875,
      "length": 16,
      "value": "\"sendECrashData\""
    },
    {
      "filePath": "\/Users\/np\/Documents\/GitHub\/PaygilantIOS\/PaygilantSDK\/PaygilantManager.swift",
      "kind": "StringLiteral",
      "offset": 1927,
      "length": 13,
      "value": "\"getDeviceID\""
    },
    {
      "filePath": "\/Users\/np\/Documents\/GitHub\/PaygilantIOS\/PaygilantSDK\/PaygilantManager.swift",
      "kind": "StringLiteral",
      "offset": 1980,
      "length": 17,
      "value": "\"sendSessionData\""
    },
    {
      "filePath": "\/Users\/np\/Documents\/GitHub\/PaygilantIOS\/PaygilantSDK\/PaygilantManager.swift",
      "kind": "StringLiteral",
      "offset": 2033,
      "length": 15,
      "value": "\"no_session_id\""
    },
    {
      "filePath": "\/Users\/np\/Documents\/GitHub\/PaygilantIOS\/PaygilantSDK\/PaygilantManager.swift",
      "kind": "BooleanLiteral",
      "offset": 2344,
      "length": 5,
      "value": "false"
    },
    {
      "filePath": "\/Users\/np\/Documents\/GitHub\/PaygilantIOS\/PaygilantSDK\/PaygilantManager.swift",
      "kind": "BooleanLiteral",
      "offset": 2557,
      "length": 5,
      "value": "false"
    },
    {
      "filePath": "\/Users\/np\/Documents\/GitHub\/PaygilantIOS\/PaygilantSDK\/PaygilantManager.swift",
      "kind": "BooleanLiteral",
      "offset": 2794,
      "length": 5,
      "value": "false"
    },
    {
      "filePath": "\/Users\/np\/Documents\/GitHub\/PaygilantIOS\/PaygilantSDK\/PaygilantManager.swift",
      "kind": "IntegerLiteral",
      "offset": 3012,
      "length": 4,
      "value": "1000"
    },
    {
      "filePath": "\/Users\/np\/Documents\/GitHub\/PaygilantIOS\/PaygilantSDK\/PaygilantManager.swift",
      "kind": "BooleanLiteral",
      "offset": 3047,
      "length": 4,
      "value": "true"
    },
    {
      "filePath": "\/Users\/np\/Documents\/GitHub\/PaygilantIOS\/PaygilantSDK\/PaygilantManager.swift",
      "kind": "BooleanLiteral",
      "offset": 3085,
      "length": 5,
      "value": "false"
    },
    {
      "filePath": "\/Users\/np\/Documents\/GitHub\/PaygilantIOS\/PaygilantSDK\/PaygilantManager.swift",
      "kind": "BooleanLiteral",
      "offset": 3116,
      "length": 5,
      "value": "false"
    },
    {
      "filePath": "\/Users\/np\/Documents\/GitHub\/PaygilantIOS\/PaygilantSDK\/PaygilantManager.swift",
      "kind": "BooleanLiteral",
      "offset": 3373,
      "length": 4,
      "value": "true"
    },
    {
      "filePath": "\/Users\/np\/Documents\/GitHub\/PaygilantIOS\/PaygilantSDK\/PaygilantManager.swift",
      "kind": "IntegerLiteral",
      "offset": 3458,
      "length": 1,
      "value": "0"
    },
    {
      "filePath": "\/Users\/np\/Documents\/GitHub\/PaygilantIOS\/PaygilantSDK\/PaygilantManager.swift",
      "kind": "BooleanLiteral",
      "offset": 3495,
      "length": 5,
      "value": "false"
    },
    {
      "filePath": "\/Users\/np\/Documents\/GitHub\/PaygilantIOS\/PaygilantSDK\/PaygilantManager.swift",
      "kind": "BooleanLiteral",
      "offset": 11023,
      "length": 4,
      "value": "true"
    },
    {
      "filePath": "\/Users\/np\/Documents\/GitHub\/PaygilantIOS\/PaygilantSDK\/PaygilantManager.swift",
      "kind": "IntegerLiteral",
      "offset": 21240,
      "length": 4,
      "value": "1000"
    },
    {
      "filePath": "\/Users\/np\/Documents\/GitHub\/PaygilantIOS\/PaygilantSDK\/PGData\/Location.swift",
      "kind": "BooleanLiteral",
      "offset": 599,
      "length": 5,
      "value": "false"
    },
    {
      "filePath": "\/Users\/np\/Documents\/GitHub\/PaygilantIOS\/PaygilantSDK\/PGData\/compareDataType.swift",
      "kind": "IntegerLiteral",
      "offset": 217,
      "length": 13,
      "value": "1"
    },
    {
      "filePath": "\/Users\/np\/Documents\/GitHub\/PaygilantIOS\/PaygilantSDK\/PGData\/compareDataType.swift",
      "kind": "IntegerLiteral",
      "offset": 240,
      "length": 12,
      "value": "2"
    },
    {
      "filePath": "\/Users\/np\/Documents\/GitHub\/PaygilantIOS\/PaygilantSDK\/LoggingData\/TracingManager.swift",
      "kind": "StringLiteral",
      "offset": 306,
      "length": 9,
      "value": "\"tracing\""
    },
    {
      "filePath": "\/Users\/np\/Documents\/GitHub\/PaygilantIOS\/PaygilantSDK\/PGData\/SdkConfig.swift",
      "kind": "IntegerLiteral",
      "offset": 212,
      "length": 2,
      "value": "-1"
    },
    {
      "filePath": "\/Users\/np\/Documents\/GitHub\/PaygilantIOS\/PaygilantSDK\/PGData\/SdkConfig.swift",
      "kind": "IntegerLiteral",
      "offset": 338,
      "length": 4,
      "value": "5000"
    },
    {
      "filePath": "\/Users\/np\/Documents\/GitHub\/PaygilantIOS\/PaygilantSDK\/PGData\/SdkConfig.swift",
      "kind": "IntegerLiteral",
      "offset": 382,
      "length": 5,
      "value": "30000"
    },
    {
      "filePath": "\/Users\/np\/Documents\/GitHub\/PaygilantIOS\/PaygilantSDK\/PGData\/SdkConfig.swift",
      "kind": "BooleanLiteral",
      "offset": 427,
      "length": 5,
      "value": "false"
    },
    {
      "filePath": "\/Users\/np\/Documents\/GitHub\/PaygilantIOS\/PaygilantSDK\/PGData\/SdkConfig.swift",
      "kind": "BooleanLiteral",
      "offset": 466,
      "length": 5,
      "value": "false"
    },
    {
      "filePath": "\/Users\/np\/Documents\/GitHub\/PaygilantIOS\/PaygilantSDK\/PGData\/SdkConfig.swift",
      "kind": "BooleanLiteral",
      "offset": 571,
      "length": 5,
      "value": "false"
    },
    {
      "filePath": "\/Users\/np\/Documents\/GitHub\/PaygilantIOS\/PaygilantSDK\/PGData\/SdkConfig.swift",
      "kind": "Array",
      "offset": 632,
      "length": 2,
      "value": "[]"
    },
    {
      "filePath": "\/Users\/np\/Documents\/GitHub\/PaygilantIOS\/PaygilantSDK\/PGData\/SdkConfig.swift",
      "kind": "Array",
      "offset": 685,
      "length": 2,
      "value": "[]"
    },
    {
      "filePath": "\/Users\/np\/Documents\/GitHub\/PaygilantIOS\/PaygilantSDK\/PGData\/SdkConfig.swift",
      "kind": "Array",
      "offset": 727,
      "length": 2,
      "value": "[]"
    },
    {
      "filePath": "\/Users\/np\/Documents\/GitHub\/PaygilantIOS\/PaygilantSDK\/PGData\/SdkConfig.swift",
      "kind": "BooleanLiteral",
      "offset": 767,
      "length": 5,
      "value": "false"
    },
    {
      "filePath": "\/Users\/np\/Documents\/GitHub\/PaygilantIOS\/PaygilantSDK\/PGData\/SdkConfig.swift",
      "kind": "BooleanLiteral",
      "offset": 810,
      "length": 5,
      "value": "false"
    },
    {
      "filePath": "\/Users\/np\/Documents\/GitHub\/PaygilantIOS\/PaygilantSDK\/PGData\/SdkConfig.swift",
      "kind": "IntegerLiteral",
      "offset": 856,
      "length": 5,
      "value": "10000"
    },
    {
      "filePath": "\/Users\/np\/Documents\/GitHub\/PaygilantIOS\/PaygilantSDK\/PGData\/SdkConfig.swift",
      "kind": "IntegerLiteral",
      "offset": 907,
      "length": 1,
      "value": "2"
    },
    {
      "filePath": "\/Users\/np\/Documents\/GitHub\/PaygilantIOS\/PaygilantSDK\/PGData\/SdkConfig.swift",
      "kind": "IntegerLiteral",
      "offset": 972,
      "length": 5,
      "value": "60000"
    },
    {
      "filePath": "\/Users\/np\/Documents\/GitHub\/PaygilantIOS\/PaygilantSDK\/PGData\/SdkConfig.swift",
      "kind": "IntegerLiteral",
      "offset": 980,
      "length": 2,
      "value": "60"
    },
    {
      "filePath": "\/Users\/np\/Documents\/GitHub\/PaygilantIOS\/PaygilantSDK\/Network\/DataCompression.swift",
      "kind": "BooleanLiteral",
      "offset": 4068,
      "length": 4,
      "value": "true"
    },
    {
      "filePath": "\/Users\/np\/Documents\/GitHub\/PaygilantIOS\/PaygilantSDK\/Network\/DataCompression.swift",
      "kind": "IntegerLiteral",
      "offset": 7253,
      "length": 2,
      "value": "10"
    },
    {
      "filePath": "\/Users\/np\/Documents\/GitHub\/PaygilantIOS\/PaygilantSDK\/Network\/DataCompression.swift",
      "kind": "IntegerLiteral",
      "offset": 7258,
      "length": 1,
      "value": "8"
    },
    {
      "filePath": "\/Users\/np\/Documents\/GitHub\/PaygilantIOS\/PaygilantSDK\/Network\/DataCompression.swift",
      "kind": "IntegerLiteral",
      "offset": 7725,
      "length": 1,
      "value": "0"
    },
    {
      "filePath": "\/Users\/np\/Documents\/GitHub\/PaygilantIOS\/PaygilantSDK\/Network\/DataCompression.swift",
      "kind": "IntegerLiteral",
      "offset": 7738,
      "length": 1,
      "value": "1"
    },
    {
      "filePath": "\/Users\/np\/Documents\/GitHub\/PaygilantIOS\/PaygilantSDK\/Network\/DataCompression.swift",
      "kind": "IntegerLiteral",
      "offset": 7750,
      "length": 1,
      "value": "2"
    },
    {
      "filePath": "\/Users\/np\/Documents\/GitHub\/PaygilantIOS\/PaygilantSDK\/Network\/DataCompression.swift",
      "kind": "IntegerLiteral",
      "offset": 7763,
      "length": 1,
      "value": "3"
    },
    {
      "filePath": "\/Users\/np\/Documents\/GitHub\/PaygilantIOS\/PaygilantSDK\/Network\/DataCompression.swift",
      "kind": "IntegerLiteral",
      "offset": 7776,
      "length": 1,
      "value": "8"
    },
    {
      "filePath": "\/Users\/np\/Documents\/GitHub\/PaygilantIOS\/PaygilantSDK\/Network\/DataCompression.swift",
      "kind": "IntegerLiteral",
      "offset": 7788,
      "length": 1,
      "value": "9"
    },
    {
      "filePath": "\/Users\/np\/Documents\/GitHub\/PaygilantIOS\/PaygilantSDK\/Network\/DataCompression.swift",
      "kind": "IntegerLiteral",
      "offset": 8159,
      "length": 1,
      "value": "8"
    },
    {
      "filePath": "\/Users\/np\/Documents\/GitHub\/PaygilantIOS\/PaygilantSDK\/Network\/DataCompression.swift",
      "kind": "IntegerLiteral",
      "offset": 8207,
      "length": 1,
      "value": "2"
    },
    {
      "filePath": "\/Users\/np\/Documents\/GitHub\/PaygilantIOS\/PaygilantSDK\/Network\/DataCompression.swift",
      "kind": "IntegerLiteral",
      "offset": 8247,
      "length": 1,
      "value": "0"
    },
    {
      "filePath": "\/Users\/np\/Documents\/GitHub\/PaygilantIOS\/PaygilantSDK\/Network\/DataCompression.swift",
      "kind": "IntegerLiteral",
      "offset": 8268,
      "length": 1,
      "value": "1"
    },
    {
      "filePath": "\/Users\/np\/Documents\/GitHub\/PaygilantIOS\/PaygilantSDK\/Network\/DataCompression.swift",
      "kind": "IntegerLiteral",
      "offset": 8405,
      "length": 4,
      "value": "0x1f"
    },
    {
      "filePath": "\/Users\/np\/Documents\/GitHub\/PaygilantIOS\/PaygilantSDK\/Network\/DataCompression.swift",
      "kind": "IntegerLiteral",
      "offset": 8424,
      "length": 4,
      "value": "0x8b"
    },
    {
      "filePath": "\/Users\/np\/Documents\/GitHub\/PaygilantIOS\/PaygilantSDK\/Network\/DataCompression.swift",
      "kind": "IntegerLiteral",
      "offset": 8442,
      "length": 4,
      "value": "0x08"
    },
    {
      "filePath": "\/Users\/np\/Documents\/GitHub\/PaygilantIOS\/PaygilantSDK\/Network\/DataCompression.swift",
      "kind": "IntegerLiteral",
      "offset": 8516,
      "length": 7,
      "value": "0b00010"
    },
    {
      "filePath": "\/Users\/np\/Documents\/GitHub\/PaygilantIOS\/PaygilantSDK\/Network\/DataCompression.swift",
      "kind": "IntegerLiteral",
      "offset": 8527,
      "length": 1,
      "value": "0"
    },
    {
      "filePath": "\/Users\/np\/Documents\/GitHub\/PaygilantIOS\/PaygilantSDK\/Network\/DataCompression.swift",
      "kind": "IntegerLiteral",
      "offset": 8569,
      "length": 7,
      "value": "0b00100"
    },
    {
      "filePath": "\/Users\/np\/Documents\/GitHub\/PaygilantIOS\/PaygilantSDK\/Network\/DataCompression.swift",
      "kind": "IntegerLiteral",
      "offset": 8580,
      "length": 1,
      "value": "0"
    },
    {
      "filePath": "\/Users\/np\/Documents\/GitHub\/PaygilantIOS\/PaygilantSDK\/Network\/DataCompression.swift",
      "kind": "IntegerLiteral",
      "offset": 8622,
      "length": 7,
      "value": "0b01000"
    },
    {
      "filePath": "\/Users\/np\/Documents\/GitHub\/PaygilantIOS\/PaygilantSDK\/Network\/DataCompression.swift",
      "kind": "IntegerLiteral",
      "offset": 8633,
      "length": 1,
      "value": "0"
    },
    {
      "filePath": "\/Users\/np\/Documents\/GitHub\/PaygilantIOS\/PaygilantSDK\/Network\/DataCompression.swift",
      "kind": "IntegerLiteral",
      "offset": 8675,
      "length": 7,
      "value": "0b10000"
    },
    {
      "filePath": "\/Users\/np\/Documents\/GitHub\/PaygilantIOS\/PaygilantSDK\/Network\/DataCompression.swift",
      "kind": "IntegerLiteral",
      "offset": 8686,
      "length": 1,
      "value": "0"
    },
    {
      "filePath": "\/Users\/np\/Documents\/GitHub\/PaygilantIOS\/PaygilantSDK\/Network\/DataCompression.swift",
      "kind": "IntegerLiteral",
      "offset": 8806,
      "length": 2,
      "value": "10"
    },
    {
      "filePath": "\/Users\/np\/Documents\/GitHub\/PaygilantIOS\/PaygilantSDK\/Network\/DataCompression.swift",
      "kind": "IntegerLiteral",
      "offset": 8831,
      "length": 1,
      "value": "8"
    },
    {
      "filePath": "\/Users\/np\/Documents\/GitHub\/PaygilantIOS\/PaygilantSDK\/Network\/DataCompression.swift",
      "kind": "IntegerLiteral",
      "offset": 8963,
      "length": 1,
      "value": "1"
    },
    {
      "filePath": "\/Users\/np\/Documents\/GitHub\/PaygilantIOS\/PaygilantSDK\/Network\/DataCompression.swift",
      "kind": "IntegerLiteral",
      "offset": 9026,
      "length": 1,
      "value": "2"
    },
    {
      "filePath": "\/Users\/np\/Documents\/GitHub\/PaygilantIOS\/PaygilantSDK\/Network\/DataCompression.swift",
      "kind": "IntegerLiteral",
      "offset": 9151,
      "length": 3,
      "value": "0x0"
    },
    {
      "filePath": "\/Users\/np\/Documents\/GitHub\/PaygilantIOS\/PaygilantSDK\/Network\/DataCompression.swift",
      "kind": "IntegerLiteral",
      "offset": 9164,
      "length": 1,
      "value": "1"
    },
    {
      "filePath": "\/Users\/np\/Documents\/GitHub\/PaygilantIOS\/PaygilantSDK\/Network\/DataCompression.swift",
      "kind": "IntegerLiteral",
      "offset": 9191,
      "length": 1,
      "value": "1"
    },
    {
      "filePath": "\/Users\/np\/Documents\/GitHub\/PaygilantIOS\/PaygilantSDK\/Network\/DataCompression.swift",
      "kind": "IntegerLiteral",
      "offset": 9309,
      "length": 3,
      "value": "0x0"
    },
    {
      "filePath": "\/Users\/np\/Documents\/GitHub\/PaygilantIOS\/PaygilantSDK\/Network\/DataCompression.swift",
      "kind": "IntegerLiteral",
      "offset": 9322,
      "length": 1,
      "value": "1"
    },
    {
      "filePath": "\/Users\/np\/Documents\/GitHub\/PaygilantIOS\/PaygilantSDK\/Network\/DataCompression.swift",
      "kind": "IntegerLiteral",
      "offset": 9349,
      "length": 1,
      "value": "1"
    },
    {
      "filePath": "\/Users\/np\/Documents\/GitHub\/PaygilantIOS\/PaygilantSDK\/Network\/DataCompression.swift",
      "kind": "IntegerLiteral",
      "offset": 9441,
      "length": 1,
      "value": "2"
    },
    {
      "filePath": "\/Users\/np\/Documents\/GitHub\/PaygilantIOS\/PaygilantSDK\/Network\/DataCompression.swift",
      "kind": "IntegerLiteral",
      "offset": 11111,
      "length": 1,
      "value": "0"
    },
    {
      "filePath": "\/Users\/np\/Documents\/GitHub\/PaygilantIOS\/PaygilantSDK\/Network\/DataCompression.swift",
      "kind": "Array",
      "offset": 12891,
      "length": 3335,
      "value": "[0x00000000, 0x77073096, 0xee0e612c, 0x990951ba, 0x076dc419, 0x706af48f, 0xe963a535, 0x9e6495a3, 0x0edb8832, 0x79dcb8a4, 0xe0d5e91e, 0x97d2d988, 0x09b64c2b, 0x7eb17cbd, 0xe7b82d07, 0x90bf1d91, 0x1db71064, 0x6ab020f2, 0xf3b97148, 0x84be41de, 0x1adad47d, 0x6ddde4eb, 0xf4d4b551, 0x83d385c7, 0x136c9856, 0x646ba8c0, 0xfd62f97a, 0x8a65c9ec, 0x14015c4f, 0x63066cd9, 0xfa0f3d63, 0x8d080df5, 0x3b6e20c8, 0x4c69105e, 0xd56041e4, 0xa2677172, 0x3c03e4d1, 0x4b04d447, 0xd20d85fd, 0xa50ab56b, 0x35b5a8fa, 0x42b2986c, 0xdbbbc9d6, 0xacbcf940, 0x32d86ce3, 0x45df5c75, 0xdcd60dcf, 0xabd13d59, 0x26d930ac, 0x51de003a, 0xc8d75180, 0xbfd06116, 0x21b4f4b5, 0x56b3c423, 0xcfba9599, 0xb8bda50f, 0x2802b89e, 0x5f058808, 0xc60cd9b2, 0xb10be924, 0x2f6f7c87, 0x58684c11, 0xc1611dab, 0xb6662d3d, 0x76dc4190, 0x01db7106, 0x98d220bc, 0xefd5102a, 0x71b18589, 0x06b6b51f, 0x9fbfe4a5, 0xe8b8d433, 0x7807c9a2, 0x0f00f934, 0x9609a88e, 0xe10e9818, 0x7f6a0dbb, 0x086d3d2d, 0x91646c97, 0xe6635c01, 0x6b6b51f4, 0x1c6c6162, 0x856530d8, 0xf262004e, 0x6c0695ed, 0x1b01a57b, 0x8208f4c1, 0xf50fc457, 0x65b0d9c6, 0x12b7e950, 0x8bbeb8ea, 0xfcb9887c, 0x62dd1ddf, 0x15da2d49, 0x8cd37cf3, 0xfbd44c65, 0x4db26158, 0x3ab551ce, 0xa3bc0074, 0xd4bb30e2, 0x4adfa541, 0x3dd895d7, 0xa4d1c46d, 0xd3d6f4fb, 0x4369e96a, 0x346ed9fc, 0xad678846, 0xda60b8d0, 0x44042d73, 0x33031de5, 0xaa0a4c5f, 0xdd0d7cc9, 0x5005713c, 0x270241aa, 0xbe0b1010, 0xc90c2086, 0x5768b525, 0x206f85b3, 0xb966d409, 0xce61e49f, 0x5edef90e, 0x29d9c998, 0xb0d09822, 0xc7d7a8b4, 0x59b33d17, 0x2eb40d81, 0xb7bd5c3b, 0xc0ba6cad, 0xedb88320, 0x9abfb3b6, 0x03b6e20c, 0x74b1d29a, 0xead54739, 0x9dd277af, 0x04db2615, 0x73dc1683, 0xe3630b12, 0x94643b84, 0x0d6d6a3e, 0x7a6a5aa8, 0xe40ecf0b, 0x9309ff9d, 0x0a00ae27, 0x7d079eb1, 0xf00f9344, 0x8708a3d2, 0x1e01f268, 0x6906c2fe, 0xf762575d, 0x806567cb, 0x196c3671, 0x6e6b06e7, 0xfed41b76, 0x89d32be0, 0x10da7a5a, 0x67dd4acc, 0xf9b9df6f, 0x8ebeeff9, 0x17b7be43, 0x60b08ed5, 0xd6d6a3e8, 0xa1d1937e, 0x38d8c2c4, 0x4fdff252, 0xd1bb67f1, 0xa6bc5767, 0x3fb506dd, 0x48b2364b, 0xd80d2bda, 0xaf0a1b4c, 0x36034af6, 0x41047a60, 0xdf60efc3, 0xa867df55, 0x316e8eef, 0x4669be79, 0xcb61b38c, 0xbc66831a, 0x256fd2a0, 0x5268e236, 0xcc0c7795, 0xbb0b4703, 0x220216b9, 0x5505262f, 0xc5ba3bbe, 0xb2bd0b28, 0x2bb45a92, 0x5cb36a04, 0xc2d7ffa7, 0xb5d0cf31, 0x2cd99e8b, 0x5bdeae1d, 0x9b64c2b0, 0xec63f226, 0x756aa39c, 0x026d930a, 0x9c0906a9, 0xeb0e363f, 0x72076785, 0x05005713, 0x95bf4a82, 0xe2b87a14, 0x7bb12bae, 0x0cb61b38, 0x92d28e9b, 0xe5d5be0d, 0x7cdcefb7, 0x0bdbdf21, 0x86d3d2d4, 0xf1d4e242, 0x68ddb3f8, 0x1fda836e, 0x81be16cd, 0xf6b9265b, 0x6fb077e1, 0x18b74777, 0x88085ae6, 0xff0f6a70, 0x66063bca, 0x11010b5c, 0x8f659eff, 0xf862ae69, 0x616bffd3, 0x166ccf45, 0xa00ae278, 0xd70dd2ee, 0x4e048354, 0x3903b3c2, 0xa7672661, 0xd06016f7, 0x4969474d, 0x3e6e77db, 0xaed16a4a, 0xd9d65adc, 0x40df0b66, 0x37d83bf0, 0xa9bcae53, 0xdebb9ec5, 0x47b2cf7f, 0x30b5ffe9, 0xbdbdf21c, 0xcabac28a, 0x53b39330, 0x24b4a3a6, 0xbad03605, 0xcdd70693, 0x54de5729, 0x23d967bf, 0xb3667a2e, 0xc4614ab8, 0x5d681b02, 0x2a6f2b94, 0xb40bbe37, 0xc30c8ea1, 0x5a05df1b, 0x2d02ef8d]"
    },
    {
      "filePath": "\/Users\/np\/Documents\/GitHub\/PaygilantIOS\/PaygilantSDK\/Network\/DataCompression.swift",
      "kind": "IntegerLiteral",
      "offset": 16800,
      "length": 1,
      "value": "1"
    },
    {
      "filePath": "\/Users\/np\/Documents\/GitHub\/PaygilantIOS\/PaygilantSDK\/Utils\/DeviceLog.swift",
      "kind": "IntegerLiteral",
      "offset": 220,
      "length": 2,
      "value": "50"
    },
    {
      "filePath": "\/Users\/np\/Documents\/GitHub\/PaygilantIOS\/PaygilantSDK\/Utils\/SystemUtil.swift",
      "kind": "IntegerLiteral",
      "offset": 1266,
      "length": 4,
      "value": "1000"
    },
    {
      "filePath": "\/Users\/np\/Documents\/GitHub\/PaygilantIOS\/PaygilantSDK\/DeviceData\/DeviceDataCollector.swift",
      "kind": "StringLiteral",
      "offset": 648,
      "length": 19,
      "value": "\"permission denied\""
    },
    {
      "filePath": "\/Users\/np\/Documents\/GitHub\/PaygilantIOS\/PaygilantSDK\/DeviceData\/DeviceDataCollector.swift",
      "kind": "StringLiteral",
      "offset": 707,
      "length": 15,
      "value": "\"not available\""
    },
    {
      "filePath": "\/Users\/np\/Documents\/GitHub\/PaygilantIOS\/PaygilantSDK\/DeviceData\/DeviceDataCollector.swift",
      "kind": "StringLiteral",
      "offset": 762,
      "length": 10,
      "value": "\"spyshot\/\""
    },
    {
      "filePath": "\/Users\/np\/Documents\/GitHub\/PaygilantIOS\/PaygilantSDK\/DeviceData\/DeviceDataCollector.swift",
      "kind": "StringLiteral",
      "offset": 812,
      "length": 13,
      "value": "\"collectTime\""
    },
    {
      "filePath": "\/Users\/np\/Documents\/GitHub\/PaygilantIOS\/PaygilantSDK\/DeviceData\/DeviceDataCollector.swift",
      "kind": "IntegerLiteral",
      "offset": 865,
      "length": 1,
      "value": "0"
    },
    {
      "filePath": "\/Users\/np\/Documents\/GitHub\/PaygilantIOS\/PaygilantSDK\/DeviceData\/DeviceDataCollector.swift",
      "kind": "IntegerLiteral",
      "offset": 906,
      "length": 1,
      "value": "1"
    },
    {
      "filePath": "\/Users\/np\/Documents\/GitHub\/PaygilantIOS\/PaygilantSDK\/DeviceData\/DeviceDataCollector.swift",
      "kind": "IntegerLiteral",
      "offset": 947,
      "length": 1,
      "value": "2"
    },
    {
      "filePath": "\/Users\/np\/Documents\/GitHub\/PaygilantIOS\/PaygilantSDK\/DeviceData\/DeviceDataCollector.swift",
      "kind": "IntegerLiteral",
      "offset": 988,
      "length": 1,
      "value": "3"
    },
    {
      "filePath": "\/Users\/np\/Documents\/GitHub\/PaygilantIOS\/PaygilantSDK\/DeviceData\/DeviceDataCollector.swift",
      "kind": "IntegerLiteral",
      "offset": 1029,
      "length": 4,
      "value": "1000"
    },
    {
      "filePath": "\/Users\/np\/Documents\/GitHub\/PaygilantIOS\/PaygilantSDK\/DeviceData\/DeviceDataCollector.swift",
      "kind": "IntegerLiteral",
      "offset": 1073,
      "length": 3,
      "value": "500"
    },
    {
      "filePath": "\/Users\/np\/Documents\/GitHub\/PaygilantIOS\/PaygilantSDK\/DeviceData\/DeviceDataCollector.swift",
      "kind": "Array",
      "offset": 1166,
      "length": 12,
      "value": "[-1, -1, -1]"
    },
    {
      "filePath": "\/Users\/np\/Documents\/GitHub\/PaygilantIOS\/PaygilantSDK\/DeviceData\/DeviceDataCollector.swift",
      "kind": "Array",
      "offset": 1218,
      "length": 12,
      "value": "[-1, -1, -1]"
    },
    {
      "filePath": "\/Users\/np\/Documents\/GitHub\/PaygilantIOS\/PaygilantSDK\/DeviceData\/DeviceDataCollector.swift",
      "kind": "Array",
      "offset": 1270,
      "length": 12,
      "value": "[-1, -1, -1]"
    },
    {
      "filePath": "\/Users\/np\/Documents\/GitHub\/PaygilantIOS\/PaygilantSDK\/DeviceData\/DeviceDataCollector.swift",
      "kind": "BooleanLiteral",
      "offset": 1322,
      "length": 5,
      "value": "false"
    },
    {
      "filePath": "\/Users\/np\/Documents\/GitHub\/PaygilantIOS\/PaygilantSDK\/DeviceData\/DeviceDataCollector.swift",
      "kind": "Array",
      "offset": 1423,
      "length": 2,
      "value": "[]"
    },
    {
      "filePath": "\/Users\/np\/Documents\/GitHub\/PaygilantIOS\/PaygilantSDK\/DeviceData\/DeviceDataCollector.swift",
      "kind": "BooleanLiteral",
      "offset": 15771,
      "length": 4,
      "value": "true"
    },
    {
      "filePath": "\/Users\/np\/Documents\/GitHub\/PaygilantIOS\/PaygilantSDK\/Network\/NetworkCallMaker.swift",
      "kind": "BooleanLiteral",
      "offset": 465,
      "length": 5,
      "value": "false"
    },
    {
      "filePath": "\/Users\/np\/Documents\/GitHub\/PaygilantIOS\/PaygilantSDK\/Network\/NetworkCallMaker.swift",
      "kind": "BooleanLiteral",
      "offset": 514,
      "length": 4,
      "value": "true"
    },
    {
      "filePath": "\/Users\/np\/Documents\/GitHub\/PaygilantIOS\/PaygilantSDK\/DeviceData\/KeychainHelper.swift",
      "kind": "StringLiteral",
      "offset": 78,
      "length": 24,
      "value": "\"bignp.com.PaygilantSDK\""
    },
    {
      "filePath": "\/Users\/np\/Documents\/GitHub\/PaygilantIOS\/PaygilantSDK\/DeviceData\/KeychainHelper.swift",
      "kind": "StringLiteral",
      "offset": 128,
      "length": 29,
      "value": "\"bignp.com.PaygilantSDK.hash\""
    },
    {
      "filePath": "\/Users\/np\/Documents\/GitHub\/PaygilantIOS\/PaygilantSDK\/PGData\/Session.swift",
      "kind": "BooleanLiteral",
      "offset": 275,
      "length": 5,
      "value": "false"
    },
    {
      "filePath": "\/Users\/np\/Documents\/GitHub\/PaygilantIOS\/PaygilantSDK\/Utils\/DispatchRetry.swift",
      "kind": "FloatLiteral",
      "offset": 318,
      "length": 4,
      "value": "10.0"
    },
    {
      "filePath": "\/Users\/np\/Documents\/GitHub\/PaygilantIOS\/PaygilantSDK\/Utils\/DispatchRetry.swift",
      "kind": "IntegerLiteral",
      "offset": 370,
      "length": 1,
      "value": "5"
    },
    {
      "filePath": "\/Users\/np\/Documents\/GitHub\/PaygilantIOS\/PaygilantSDK\/Utils\/DispatchRetry.swift",
      "kind": "FloatLiteral",
      "offset": 433,
      "length": 3,
      "value": "2.0"
    },
    {
      "filePath": "\/Users\/np\/Documents\/GitHub\/PaygilantIOS\/PaygilantSDK\/Utils\/DispatchRetry.swift",
      "kind": "IntegerLiteral",
      "offset": 492,
      "length": 2,
      "value": "60"
    },
    {
      "filePath": "\/Users\/np\/Documents\/GitHub\/PaygilantIOS\/PaygilantSDK\/Utils\/DispatchRetry.swift",
      "kind": "IntegerLiteral",
      "offset": 497,
      "length": 1,
      "value": "5"
    },
    {
      "filePath": "\/Users\/np\/Documents\/GitHub\/PaygilantIOS\/PaygilantSDK\/Utils\/DispatchRetry.swift",
      "kind": "IntegerLiteral",
      "offset": 537,
      "length": 1,
      "value": "5"
    },
    {
      "filePath": "\/Users\/np\/Documents\/GitHub\/PaygilantIOS\/PaygilantSDK\/Utils\/DispatchRetry.swift",
      "kind": "StringLiteral",
      "offset": 7182,
      "length": 13,
      "value": "\"sessionData\""
    },
    {
      "filePath": "\/Users\/np\/Documents\/GitHub\/PaygilantIOS\/PaygilantSDK\/Utils\/DispatchRetry.swift",
      "kind": "StringLiteral",
      "offset": 7216,
      "length": 10,
      "value": "\"deviceId\""
    },
    {
      "filePath": "\/Users\/np\/Documents\/GitHub\/PaygilantIOS\/PaygilantSDK\/Utils\/DispatchRetry.swift",
      "kind": "StringLiteral",
      "offset": 7248,
      "length": 11,
      "value": "\"sdkConfig\""
    },
    {
      "filePath": "\/Users\/np\/Documents\/GitHub\/PaygilantIOS\/PaygilantSDK\/Utils\/DispatchRetry.swift",
      "kind": "IntegerLiteral",
      "offset": 7991,
      "length": 1,
      "value": "0"
    },
    {
      "filePath": "\/Users\/np\/Documents\/GitHub\/PaygilantIOS\/PaygilantSDK\/Utils\/DispatchRetry.swift",
      "kind": "BooleanLiteral",
      "offset": 8027,
      "length": 4,
      "value": "true"
    },
    {
      "filePath": "\/Users\/np\/Documents\/GitHub\/PaygilantIOS\/PaygilantSDK\/CrashEye\/CrashEye.swift",
      "kind": "IntegerLiteral",
      "offset": 1023,
      "length": 1,
      "value": "1"
    },
    {
      "filePath": "\/Users\/np\/Documents\/GitHub\/PaygilantIOS\/PaygilantSDK\/CrashEye\/CrashEye.swift",
      "kind": "IntegerLiteral",
      "offset": 1046,
      "length": 1,
      "value": "2"
    },
    {
      "filePath": "\/Users\/np\/Documents\/GitHub\/PaygilantIOS\/PaygilantSDK\/CrashEye\/CrashEye.swift",
      "kind": "BooleanLiteral",
      "offset": 2603,
      "length": 5,
      "value": "false"
    },
    {
      "filePath": "\/Users\/np\/Documents\/GitHub\/PaygilantIOS\/PaygilantSDK\/CrashEye\/CrashEye.swift",
      "kind": "BooleanLiteral",
      "offset": 5595,
      "length": 4,
      "value": "true"
    },
    {
      "filePath": "\/Users\/np\/Documents\/GitHub\/PaygilantIOS\/PaygilantSDK\/CrashEye\/CrashEye.swift",
      "kind": "StringLiteral",
      "offset": 5706,
      "length": 4,
      "value": "\"\r\""
    },
    {
      "filePath": "\/Users\/np\/Documents\/GitHub\/PaygilantIOS\/PaygilantSDK\/CrashEye\/CrashEye.swift",
      "kind": "StringLiteral",
      "offset": 5753,
      "length": 2,
      "value": "\"\""
    },
    {
      "filePath": "\/Users\/np\/Documents\/GitHub\/PaygilantIOS\/PaygilantSDK\/CrashEye\/CrashEye.swift",
      "kind": "BooleanLiteral",
      "offset": 6551,
      "length": 4,
      "value": "true"
    },
    {
      "filePath": "\/Users\/np\/Documents\/GitHub\/PaygilantIOS\/PaygilantSDK\/CrashEye\/CrashEye.swift",
      "kind": "IntegerLiteral",
      "offset": 6663,
      "length": 1,
      "value": "2"
    },
    {
      "filePath": "\/Users\/np\/Documents\/GitHub\/PaygilantIOS\/PaygilantSDK\/CrashEye\/CrashEye.swift",
      "kind": "StringLiteral",
      "offset": 6714,
      "length": 4,
      "value": "\"\r\""
    },
    {
      "filePath": "\/Users\/np\/Documents\/GitHub\/PaygilantIOS\/PaygilantSDK\/CrashEye\/CrashEye.swift",
      "kind": "StringLiteral",
      "offset": 6741,
      "length": 62,
      "value": "\"Signal \""
    },
    {
      "filePath": "\/Users\/np\/Documents\/GitHub\/PaygilantIOS\/PaygilantSDK\/CrashEye\/CrashEye.swift",
      "kind": "StringLiteral",
      "offset": 6777,
      "length": 1,
      "value": "\"(\""
    },
    {
      "filePath": "\/Users\/np\/Documents\/GitHub\/PaygilantIOS\/PaygilantSDK\/CrashEye\/CrashEye.swift",
      "kind": "StringLiteral",
      "offset": 6787,
      "length": 1,
      "value": "\") was raised.\n\""
    },
    {
      "filePath": "\/Users\/np\/Documents\/GitHub\/PaygilantIOS\/PaygilantSDK\/CrashEye\/CrashEye.swift",
      "kind": "FloatLiteral",
      "offset": 7462,
      "length": 3,
      "value": "0.1"
    },
    {
      "filePath": "\/Users\/np\/Documents\/GitHub\/PaygilantIOS\/PaygilantSDK\/DeviceData\/DeviceDataManager.swift",
      "kind": "StringLiteral",
      "offset": 384,
      "length": 13,
      "value": "\"device_data\""
    },
    {
      "filePath": "\/Users\/np\/Documents\/GitHub\/PaygilantIOS\/PaygilantSDK\/DeviceData\/DeviceDataManager.swift",
      "kind": "StringLiteral",
      "offset": 446,
      "length": 10,
      "value": "\"sim_data\""
    },
    {
      "filePath": "\/Users\/np\/Documents\/GitHub\/PaygilantIOS\/PaygilantSDK\/DeviceData\/DeviceDataManager.swift",
      "kind": "StringLiteral",
      "offset": 505,
      "length": 11,
      "value": "\"user_data\""
    },
    {
      "filePath": "\/Users\/np\/Documents\/GitHub\/PaygilantIOS\/PaygilantSDK\/DeviceData\/DeviceDataManager.swift",
      "kind": "StringLiteral",
      "offset": 565,
      "length": 15,
      "value": "\"settings_data\""
    },
    {
      "filePath": "\/Users\/np\/Documents\/GitHub\/PaygilantIOS\/PaygilantSDK\/DeviceData\/DeviceDataManager.swift",
      "kind": "StringLiteral",
      "offset": 629,
      "length": 28,
      "value": "\"checkpoint_additional_data\""
    },
    {
      "filePath": "\/Users\/np\/Documents\/GitHub\/PaygilantIOS\/PaygilantSDK\/DeviceData\/DeviceDataManager.swift",
      "kind": "BooleanLiteral",
      "offset": 1136,
      "length": 5,
      "value": "false"
    },
    {
      "filePath": "\/Users\/np\/Documents\/GitHub\/PaygilantIOS\/PaygilantSDK\/DeviceData\/DeviceDataManager.swift",
      "kind": "BooleanLiteral",
      "offset": 1167,
      "length": 4,
      "value": "true"
    },
    {
      "filePath": "\/Users\/np\/Documents\/GitHub\/PaygilantIOS\/PaygilantSDK\/DeviceData\/DeviceDataManager.swift",
      "kind": "BooleanLiteral",
      "offset": 1202,
      "length": 5,
      "value": "false"
    },
    {
      "filePath": "\/Users\/np\/Documents\/GitHub\/PaygilantIOS\/PaygilantSDK\/DeviceData\/DeviceDataManager.swift",
      "kind": "BooleanLiteral",
      "offset": 1817,
      "length": 4,
      "value": "true"
    },
    {
      "filePath": "\/Users\/np\/Documents\/GitHub\/PaygilantIOS\/PaygilantSDK\/PGData\/MobilePermission.swift",
      "kind": "IntegerLiteral",
      "offset": 272,
      "length": 19,
      "value": "1"
    },
    {
      "filePath": "\/Users\/np\/Documents\/GitHub\/PaygilantIOS\/PaygilantSDK\/PGData\/MobilePermission.swift",
      "kind": "IntegerLiteral",
      "offset": 301,
      "length": 20,
      "value": "2"
    },
    {
      "filePath": "\/Users\/np\/Documents\/GitHub\/PaygilantIOS\/PaygilantSDK\/PGData\/MobilePermission.swift",
      "kind": "IntegerLiteral",
      "offset": 331,
      "length": 22,
      "value": "3"
    },
    {
      "filePath": "\/Users\/np\/Documents\/GitHub\/PaygilantIOS\/PaygilantSDK\/PGData\/MobilePermission.swift",
      "kind": "IntegerLiteral",
      "offset": 363,
      "length": 6,
      "value": "4"
    },
    {
      "filePath": "\/Users\/np\/Documents\/GitHub\/PaygilantIOS\/PaygilantSDK\/PGData\/MobilePermission.swift",
      "kind": "IntegerLiteral",
      "offset": 379,
      "length": 5,
      "value": "5"
    },
    {
      "filePath": "\/Users\/np\/Documents\/GitHub\/PaygilantIOS\/PaygilantSDK\/PGData\/MobilePermission.swift",
      "kind": "IntegerLiteral",
      "offset": 394,
      "length": 12,
      "value": "6"
    },
    {
      "filePath": "\/Users\/np\/Documents\/GitHub\/PaygilantIOS\/PaygilantSDK\/PGData\/MobilePermission.swift",
      "kind": "IntegerLiteral",
      "offset": 416,
      "length": 4,
      "value": "7"
    },
    {
      "filePath": "\/Users\/np\/Documents\/GitHub\/PaygilantIOS\/PaygilantSDK\/Network\/PaygilantNetworkManager.swift",
      "kind": "StringLiteral",
      "offset": 495,
      "length": 15,
      "value": "\"sendErrorData\""
    },
    {
      "filePath": "\/Users\/np\/Documents\/GitHub\/PaygilantIOS\/PaygilantSDK\/Network\/PaygilantNetworkManager.swift",
      "kind": "StringLiteral",
      "offset": 545,
      "length": 13,
      "value": "\"sendTracing\""
    },
    {
      "filePath": "\/Users\/np\/Documents\/GitHub\/PaygilantIOS\/PaygilantSDK\/Network\/PaygilantNetworkManager.swift",
      "kind": "StringLiteral",
      "offset": 598,
      "length": 21,
      "value": "\"getSdkConfiguration\""
    },
    {
      "filePath": "\/Users\/np\/Documents\/GitHub\/PaygilantIOS\/PaygilantSDK\/Network\/PaygilantNetworkManager.swift",
      "kind": "StringLiteral",
      "offset": 652,
      "length": 16,
      "value": "\"sendECrashData\""
    },
    {
      "filePath": "\/Users\/np\/Documents\/GitHub\/PaygilantIOS\/PaygilantSDK\/Network\/PaygilantNetworkManager.swift",
      "kind": "StringLiteral",
      "offset": 699,
      "length": 9,
      "value": "\"BioData\""
    },
    {
      "filePath": "\/Users\/np\/Documents\/GitHub\/PaygilantIOS\/PaygilantSDK\/Network\/PaygilantNetworkManager.swift",
      "kind": "StringLiteral",
      "offset": 741,
      "length": 11,
      "value": "\"sendImage\""
    },
    {
      "filePath": "\/Users\/np\/Documents\/GitHub\/PaygilantIOS\/PaygilantSDK\/Network\/PaygilantNetworkManager.swift",
      "kind": "StringLiteral",
      "offset": 787,
      "length": 13,
      "value": "\"ActivityMap\""
    },
    {
      "filePath": "\/Users\/np\/Documents\/GitHub\/PaygilantIOS\/PaygilantSDK\/Network\/PaygilantNetworkManager.swift",
      "kind": "StringLiteral",
      "offset": 836,
      "length": 13,
      "value": "\"getDeviceID\""
    },
    {
      "filePath": "\/Users\/np\/Documents\/GitHub\/PaygilantIOS\/PaygilantSDK\/Network\/PaygilantNetworkManager.swift",
      "kind": "StringLiteral",
      "offset": 889,
      "length": 17,
      "value": "\"sendSessionData\""
    },
    {
      "filePath": "\/Users\/np\/Documents\/GitHub\/PaygilantIOS\/PaygilantSDK\/Network\/PaygilantNetworkManager.swift",
      "kind": "StringLiteral",
      "offset": 946,
      "length": 17,
      "value": "\"thirdPartyCache\""
    },
    {
      "filePath": "\/Users\/np\/Documents\/GitHub\/PaygilantIOS\/PaygilantSDK\/Network\/PaygilantNetworkManager.swift",
      "kind": "StringLiteral",
      "offset": 1002,
      "length": 20,
      "value": "\"SendScreenListener\""
    },
    {
      "filePath": "\/Users\/np\/Documents\/GitHub\/PaygilantIOS\/PaygilantSDK\/Network\/PaygilantNetworkManager.swift",
      "kind": "StringLiteral",
      "offset": 1066,
      "length": 21,
      "value": "\"sendEventCheckPoint\""
    },
    {
      "filePath": "\/Users\/np\/Documents\/GitHub\/PaygilantIOS\/PaygilantSDK\/Network\/PaygilantNetworkManager.swift",
      "kind": "StringLiteral",
      "offset": 1135,
      "length": 25,
      "value": "\"updateTransactionStatus\""
    },
    {
      "filePath": "\/Users\/np\/Documents\/GitHub\/PaygilantIOS\/PaygilantSDK\/Network\/PaygilantNetworkManager.swift",
      "kind": "StringLiteral",
      "offset": 1204,
      "length": 20,
      "value": "\"getScoreFromServer\""
    },
    {
      "filePath": "\/Users\/np\/Documents\/GitHub\/PaygilantIOS\/PaygilantSDK\/Network\/PaygilantNetworkManager.swift",
      "kind": "StringLiteral",
      "offset": 1262,
      "length": 15,
      "value": "\"setScreenData\""
    },
    {
      "filePath": "\/Users\/np\/Documents\/GitHub\/PaygilantIOS\/PaygilantSDK\/Network\/PaygilantNetworkManager.swift",
      "kind": "StringLiteral",
      "offset": 1322,
      "length": 21,
      "value": "\"setScreenDataBackup\""
    },
    {
      "filePath": "\/Users\/np\/Documents\/GitHub\/PaygilantIOS\/PaygilantSDK\/Network\/PaygilantNetworkManager.swift",
      "kind": "StringLiteral",
      "offset": 1390,
      "length": 23,
      "value": "\"SendSessionDataBackup\""
    },
    {
      "filePath": "\/Users\/np\/Documents\/GitHub\/PaygilantIOS\/PaygilantSDK\/Network\/PaygilantNetworkManager.swift",
      "kind": "IntegerLiteral",
      "offset": 1450,
      "length": 2,
      "value": "15"
    },
    {
      "filePath": "\/Users\/np\/Documents\/GitHub\/PaygilantIOS\/PaygilantSDK\/Network\/PaygilantNetworkManager.swift",
      "kind": "StringLiteral",
      "offset": 1512,
      "length": 15,
      "value": "\"pmfd-med\/3.0\/\""
    },
    {
      "filePath": "\/Users\/np\/Documents\/GitHub\/PaygilantIOS\/PaygilantSDK\/Network\/PaygilantNetworkManager.swift",
      "kind": "StringLiteral",
      "offset": 1564,
      "length": 31,
      "value": "\"\""
    },
    {
      "filePath": "\/Users\/np\/Documents\/GitHub\/PaygilantIOS\/PaygilantSDK\/Network\/PaygilantNetworkManager.swift",
      "kind": "StringLiteral",
      "offset": 1581,
      "length": 12,
      "value": "\"CrashLogging\/\""
    },
    {
      "filePath": "\/Users\/np\/Documents\/GitHub\/PaygilantIOS\/PaygilantSDK\/Network\/PaygilantNetworkManager.swift",
      "kind": "StringLiteral",
      "offset": 1631,
      "length": 30,
      "value": "\"\""
    },
    {
      "filePath": "\/Users\/np\/Documents\/GitHub\/PaygilantIOS\/PaygilantSDK\/Network\/PaygilantNetworkManager.swift",
      "kind": "StringLiteral",
      "offset": 1648,
      "length": 11,
      "value": "\"TracingData\/\""
    },
    {
      "filePath": "\/Users\/np\/Documents\/GitHub\/PaygilantIOS\/PaygilantSDK\/Network\/PaygilantNetworkManager.swift",
      "kind": "StringLiteral",
      "offset": 1701,
      "length": 34,
      "value": "\"\""
    },
    {
      "filePath": "\/Users\/np\/Documents\/GitHub\/PaygilantIOS\/PaygilantSDK\/Network\/PaygilantNetworkManager.swift",
      "kind": "StringLiteral",
      "offset": 1718,
      "length": 15,
      "value": "\"SendSessionData\/\""
    },
    {
      "filePath": "\/Users\/np\/Documents\/GitHub\/PaygilantIOS\/PaygilantSDK\/Network\/PaygilantNetworkManager.swift",
      "kind": "StringLiteral",
      "offset": 1808,
      "length": 2,
      "value": "\"\""
    },
    {
      "filePath": "\/Users\/np\/Documents\/GitHub\/PaygilantIOS\/PaygilantSDK\/Network\/PaygilantNetworkManager.swift",
      "kind": "BooleanLiteral",
      "offset": 5576,
      "length": 5,
      "value": "false"
    },
    {
      "filePath": "\/Users\/np\/Documents\/GitHub\/PaygilantIOS\/PaygilantSDK\/LoggingData\/LoggingData.swift",
      "kind": "IntegerLiteral",
      "offset": 203,
      "length": 1,
      "value": "0"
    },
    {
      "filePath": "\/Users\/np\/Documents\/GitHub\/PaygilantIOS\/PaygilantSDK\/PGData\/TracingDataPgData.swift",
      "kind": "BooleanLiteral",
      "offset": 233,
      "length": 5,
      "value": "false"
    },
    {
      "filePath": "\/Users\/np\/Documents\/GitHub\/PaygilantIOS\/PaygilantSDK\/PGData\/TracingDataPgData.swift",
      "kind": "BooleanLiteral",
      "offset": 282,
      "length": 5,
      "value": "false"
    },
    {
      "filePath": "\/Users\/np\/Documents\/GitHub\/PaygilantIOS\/PaygilantSDK\/PGData\/TracingDataPgData.swift",
      "kind": "BooleanLiteral",
      "offset": 321,
      "length": 5,
      "value": "false"
    },
    {
      "filePath": "\/Users\/np\/Documents\/GitHub\/PaygilantIOS\/PaygilantSDK\/PGData\/TracingDataPgData.swift",
      "kind": "BooleanLiteral",
      "offset": 362,
      "length": 5,
      "value": "false"
    },
    {
      "filePath": "\/Users\/np\/Documents\/GitHub\/PaygilantIOS\/PaygilantSDK\/PGData\/TracingDataPgData.swift",
      "kind": "BooleanLiteral",
      "offset": 412,
      "length": 5,
      "value": "false"
    },
    {
      "filePath": "\/Users\/np\/Documents\/GitHub\/PaygilantIOS\/PaygilantSDK\/PGData\/TracingDataPgData.swift",
      "kind": "IntegerLiteral",
      "offset": 448,
      "length": 4,
      "value": "1000"
    }
  ]
}